0.01,6.160604,0.01,0
0.031579,6.160741,0.031579,0
0.053157,6.161019,0.053157,0
0.074736,6.16144,0.074736,0
0.096315,6.162003,0.096315,0
0.117893,6.162707,0.117893,0
0.139472,6.163555,0.139472,0
0.161051,6.164545,0.161051,0
0.182629,6.165679,0.182629,0
0.204208,6.166955,0.204208,0
0.225787,6.168377,0.225787,0
0.247366,6.169942,0.247366,0
0.268944,6.171653,0.268944,0
0.290523,6.17351,0.290523,0
0.312102,6.175514,0.312102,0
0.33368,6.177664,0.33368,0
0.355259,6.179963,0.355259,0
0.376838,6.18241,0.376838,0
0.398416,6.185008,0.398416,0
0.419995,6.187756,0.419995,0
0.441574,6.190656,0.441574,0
0.463152,6.19371,0.463152,0
0.484731,6.196918,0.484731,0
0.50631,6.200281,0.50631,0
0.527888,6.203802,0.527888,0
0.549467,6.207481,0.549467,0
0.5710460000000001,6.211321,0.5710460000000001,0
0.592625,6.215325,0.592625,0
0.6142030000000001,6.21949,0.6142030000000001,1e-05
0.635782,6.223816,0.635782,1.2e-05
0.657361,6.228312,0.657361,1.5e-05
0.678939,6.232976,0.678939,1.8e-05
0.700518,6.237814,0.700518,2.2e-05
0.722097,6.242824,0.722097,3.1e-05
0.743675,6.248008,0.743675,4.1e-05
0.765254,6.25337,0.765254,4.9e-05
0.786833,6.258914,0.786833,5.9e-05
0.808411,6.26464,0.808411,7.1e-05
0.82999,6.270554,0.82999,8.500000000000001e-05
0.851569,6.276657,0.851569,0.000101
0.873147,6.282953,0.873147,0.000121
0.894726,6.289444,0.894726,0.000143
0.916305,6.296136,0.916305,0.00017
0.937883,6.303031,0.937883,0.000201
0.959462,6.310134,0.959462,0.000238
0.9810410000000001,6.317449,0.9810410000000001,0.000281
1.00262,6.324978,1.00262,0.000335
1.024198,6.332727,1.024198,0.000394
1.045777,6.340701,1.045777,0.000466
1.067356,6.348903,1.067356,0.000547
1.088934,6.35734,1.088934,0.000641
1.110513,6.366017,1.110513,0.000749
1.132092,6.37494,1.132092,0.000874
1.15367,6.384115,1.15367,0.001019
1.175249,6.393547,1.175249,0.001185
1.196828,6.403241,1.196828,0.001377
1.218406,6.413206,1.218406,0.001595
1.239985,6.423446,1.239985,0.001847
1.261564,6.433969,1.261564,0.002133
1.283142,6.444782,1.283142,0.002457
1.304721,6.455893,1.304721,0.002826
1.3263,6.467308,1.3263,0.003245
1.347878,6.479036,1.347878,0.003719
1.369457,6.491084,1.369457,0.004255
1.391036,6.503459,1.391036,0.004863
1.412615,6.516169,1.412615,0.005544
1.434193,6.529222,1.434193,0.00631
1.455772,6.542625,1.455772,0.007169
1.477351,6.556387,1.477351,0.00813
1.498929,6.570517,1.498929,0.009205
1.520508,6.58502,1.520508,0.010404
1.542087,6.599905,1.542087,0.011739
1.563665,6.615177,1.563665,0.013222
1.585244,6.630845,1.585244,0.014868
1.606823,6.646914,1.606823,0.016689
1.628401,6.663392,1.628401,0.018701
1.64998,6.680282,1.64998,0.020922
1.671559,6.69759,1.671559,0.023366
1.693137,6.715321,1.693137,0.02605
1.714716,6.733478,1.714716,0.028994
1.736295,6.752063,1.736295,0.032218
1.757874,6.77108,1.757874,0.03574
1.779452,6.790527,1.779452,0.039583
1.801031,6.810405,1.801031,0.043766
1.82261,6.830713,1.82261,0.048311
1.844188,6.851449,1.844188,0.053241
1.865767,6.872607,1.865767,0.058578
1.887346,6.894185,1.887346,0.064346
1.908924,6.916174,1.908924,0.07056900000000001
1.930503,6.938567,1.930503,0.077269
1.952082,6.961354,1.952082,0.084471
1.97366,6.984526,1.97366,0.092197
1.995239,7.008069,1.995239,0.100472
2.016818,7.031969,2.016818,0.109318
2.038396,7.05621,2.038396,0.11876
2.059975,7.080775,2.059975,0.128819
2.081554,7.105645,2.081554,0.139516
2.103132,7.1308,2.103132,0.150871
2.124711,7.156218,2.124711,0.162904
2.14629,7.181876,2.14629,0.175635
2.167869,7.20775,2.167869,0.18908
2.189447,7.233813,2.189447,0.203256
2.211026,7.260038,2.211026,0.218178
2.232605,7.286396,2.232605,0.233858
2.254183,7.312859,2.254183,0.250305
2.275762,7.339396,2.275762,0.267531
2.297341,7.365977,2.297341,0.285544
2.318919,7.392571,2.318919,0.304347
2.340498,7.419145,2.340498,0.323948
2.362077,7.445667,2.362077,0.344342
2.383655,7.472105,2.383655,0.365538
2.405234,7.498425,2.405234,0.387522
2.426813,7.524598,2.426813,0.410295
2.448391,7.550591,2.448391,0.433851
2.46997,7.576371,2.46997,0.45818
2.491549,7.601909,2.491549,0.483268
2.513127,7.627177,2.513127,0.509104
2.534706,7.652145,2.534706,0.535674
2.556285,7.676786,2.556285,0.56296
2.577864,7.701074,2.577864,0.5909489999999999
2.599442,7.724981,2.599442,0.619614
2.621021,7.748486,2.621021,0.648936
2.6426,7.771566,2.6426,0.678891
2.664178,7.794202,2.664178,0.7094549999999999
2.685757,7.816377,2.685757,0.740602
2.707336,7.838073,2.707336,0.772309
2.728914,7.859275,2.728914,0.804547
2.750493,7.879971,2.750493,0.837288
2.772072,7.900151,2.772072,0.870502
2.79365,7.919806,2.79365,0.904163
2.815229,7.938931,2.815229,0.938243
2.836808,7.95752,2.836808,0.97271
2.858386,7.975572,2.858386,1.00754
2.879965,7.993084,2.879965,1.042699
2.901544,8.010059,2.901544,1.078165
2.923123,8.026501,2.923123,1.113905
2.944701,8.042415,2.944701,1.149893
2.96628,8.057808,2.96628,1.186103
2.987859,8.07269,2.987859,1.222512
3.009437,8.087073,3.009437,1.259092
3.031016,8.10097,3.031016,1.295824
3.052595,8.114390999999999,3.052595,1.332687
3.074173,8.127356000000001,3.074173,1.369654
3.095752,8.139879000000001,3.095752,1.406712
3.117331,8.151980999999999,3.117331,1.443838
3.138909,8.163683000000001,3.138909,1.481018
3.160488,8.175007000000001,3.160488,1.518238
3.182067,8.185974,3.182067,1.555486
3.203645,8.19661,3.203645,1.592753
3.225224,8.206941,3.225224,1.630028
3.246803,8.216991,3.246803,1.667308
3.268381,8.226789,3.268381,1.704591
3.28996,8.236359,3.28996,1.741876
3.311539,8.245729000000001,3.311539,1.779164
3.333118,8.254929000000001,3.333118,1.816459
3.354696,8.263985999999999,3.354696,1.85377
3.376275,8.272926,3.376275,1.891105
3.397854,8.281782,3.397854,1.928479
3.419432,8.290578,3.419432,1.965909
3.441011,8.299340000000001,3.441011,2.003416
3.46259,8.308095,3.46259,2.041022
3.484168,8.316865999999999,3.484168,2.078753
3.505747,8.325673999999999,3.505747,2.11664
3.527326,8.334541,3.527326,2.154714
3.548904,8.343484999999999,3.548904,2.193015
3.570483,8.352518999999999,3.570483,2.231579
3.592062,8.361656999999999,3.592062,2.270447
3.61364,8.37091,3.61364,2.309666
3.635219,8.380280000000001,3.635219,2.349284
3.656798,8.389768999999999,3.656798,2.389352
3.678377,8.399374,3.678377,2.429917
3.699955,8.409089,3.699955,2.471039
3.721534,8.418900000000001,3.721534,2.512769
3.743113,8.428789999999999,3.743113,2.555167
3.764691,8.438734,3.764691,2.598287
3.78627,8.448706,3.78627,2.642187
3.807849,8.458667999999999,3.807849,2.686926
3.829427,8.468579999999999,3.829427,2.732555
3.851006,8.478396,3.851006,2.779129
3.872585,8.488065000000001,3.872585,2.8267
3.894163,8.497527,3.894163,2.87532
3.915742,8.506717,3.915742,2.925034
3.937321,8.515563999999999,3.937321,2.97588
3.958899,8.523992,3.958899,3.027899
3.980478,8.531921000000001,3.980478,3.081119
4.002057,8.539265,4.002057,3.135569
4.023635,8.545932000000001,4.023635,3.191264
4.045214,8.551829,4.045214,3.248222
4.066793,8.556857000000001,4.066793,3.306445
4.088372,8.560914,4.088372,3.365926
4.10995,8.563898999999999,4.10995,3.426656
4.131529,8.565704999999999,4.131529,3.488613
4.153108,8.566227,4.153108,3.551769
4.174686,8.565358,4.174686,3.616078
4.196265,8.562996999999999,4.196265,3.681494
4.217844,8.559037999999999,4.217844,3.747955
4.239422,8.553383999999999,4.239422,3.815395
4.261001,8.545935,4.261001,3.883734
4.28258,8.5366,4.28258,3.952882
4.304158,8.52529,4.304158,4.022745
4.325737,8.511926000000001,4.325737,4.093208
4.347316,8.496434000000001,4.347316,4.16416
4.368894,8.478751000000001,4.368894,4.235477
4.390473,8.458817,4.390473,4.30703
4.412052,8.436586999999999,4.412052,4.378682
4.43363,8.412023,4.43363,4.45029
4.455209,8.385096000000001,4.455209,4.521707
4.476788,8.355791,4.476788,4.592782
4.498367,8.324104,4.498367,4.663361
4.519945,8.290044,4.519945,4.733286
4.541524,8.253628000000001,4.541524,4.802405
4.563103,8.214888,4.563103,4.870556
4.584681,8.173870000000001,4.584681,4.937582
4.60626,8.13063,4.60626,5.003341
4.627839,8.085234,4.627839,5.067673
4.649417,8.037765,4.649417,5.130435
4.670996,7.988315,4.670996,5.191489
4.692575,7.936989,4.692575,5.250704
4.714153,7.883899,4.714153,5.307959
4.735732,7.829168,4.735732,5.363137
4.757311,7.77293,4.757311,5.416135
4.778889,7.715323,4.778889,5.466859
4.800468,7.656496,4.800468,5.515225
4.822047,7.596601,4.822047,5.561162
4.843626,7.5358,4.843626,5.604614
4.865204,7.474254,4.865204,5.645535
4.886783,7.412131,4.886783,5.683891
4.908362,7.349599,4.908362,5.719667
4.92994,7.286827,4.92994,5.752861
4.951519,7.223982,4.951519,5.783479
4.973098,7.161232,4.973098,5.811544
4.994676,7.098741,4.994676,5.837094
5.016255,7.03667,5.016255,5.860178
5.037834,6.975173,5.037834,5.88086
5.059412,6.914402,5.059412,5.899213
5.080991,6.854496,5.080991,5.915327
5.10257,6.795588,5.10257,5.929294
5.124148,6.737812,5.124148,5.941216
5.145727,6.681279,5.145727,5.951229
5.167306,6.626092,5.167306,5.959445
5.188884,6.572347,5.188884,5.965996
5.210463,6.520127,5.210463,5.97102
5.232042,6.469507,5.232042,5.974659
5.253621,6.420544,5.253621,5.977069
5.275199,6.373283,5.275199,5.978393
5.296778,6.32776,5.296778,5.978783
5.318357,6.283998,5.318357,5.978394
5.339935,6.242004,5.339935,5.977375
5.361514,6.201778,5.361514,5.975877
5.383093,6.163304,5.383093,5.974049
5.404671,6.126555,5.404671,5.972037
5.42625,6.091494,5.42625,5.969972
5.447829,6.058074,5.447829,5.967988
5.469407,6.026239,5.469407,5.966216
5.490986,5.995921,5.490986,5.964771
5.512565,5.967046,5.512565,5.963759
5.534143,5.939535,5.534143,5.963293
5.555722,5.913294,5.555722,5.963456
5.577301,5.888233,5.577301,5.964332
5.598879,5.864252,5.598879,5.966
5.620458,5.841244,5.620458,5.968517
5.642037,5.819105,5.642037,5.971931
5.663616,5.797727,5.663616,5.976285
5.685194,5.777004,5.685194,5.981601
5.706773,5.75683,5.706773,5.987903
5.728352,5.737097,5.728352,5.995203
5.74993,5.7177,5.74993,6.003492
5.771509,5.698541,5.771509,6.012761
5.793088,5.679521,5.793088,6.022995
5.814666,5.660545,5.814666,6.034159
5.836245,5.641527,5.836245,6.04622
5.857824,5.622383,5.857824,6.059128
5.879402,5.60304,5.879402,6.07283
5.900981,5.583433,5.900981,6.08727
5.92256,5.5635,5.92256,6.102392
5.944138,5.543186,5.944138,6.118124
5.965717,5.522448,5.965717,6.134393
5.987296,5.501251,5.987296,6.15113
6.008875,5.479568,6.008875,6.168259
6.030453,5.457378,6.030453,6.185707
6.052032,5.434672,6.052032,6.203397
6.073611,5.411447,6.073611,6.221254
6.095189,5.387709,6.095189,6.239211
6.116768,5.363471,6.116768,6.257193
6.138347,5.338753,6.138347,6.275138
6.159925,5.313583,6.159925,6.292981
6.181504,5.287997,6.181504,6.310667
6.203083,5.262033,6.203083,6.328145
6.224661,5.235736,6.224661,6.345366
6.24624,5.209159,6.24624,6.362291
6.267819,5.182356,6.267819,6.378889
6.289397,5.155384,6.289397,6.395138
6.310976,5.128302,6.310976,6.411016
6.332555,5.101173,6.332555,6.426515
6.354133,5.074062,6.354133,6.441633
6.375712,5.047031,6.375712,6.456377
6.397291,5.020144,6.397291,6.470759
6.41887,4.993465,6.41887,6.484806
6.440448,4.967052,6.440448,6.498545
6.462027,4.940964,6.462027,6.512017
6.483606,4.915253,6.483606,6.525265
6.505184,4.88997,6.505184,6.538342
6.526763,4.86516,6.526763,6.551312
6.548342,4.840861,6.548342,6.564231
6.56992,4.817111,6.56992,6.577177
6.591499,4.793934,6.591499,6.590228
6.613078,4.771352,6.613078,6.603461
6.634656,4.749375,6.634656,6.616965
6.656235,4.728011,6.656235,6.630827
6.677814,4.707253,6.677814,6.645139
6.699392,4.687091,6.699392,6.659997
6.720971,4.6675,6.720971,6.675496
6.74255,4.64845,6.74255,6.691725
6.764129,4.629901,6.764129,6.708782
6.785707,4.611805,6.785707,6.726758
6.807286,4.594103,6.807286,6.745743
6.828865,4.576727,6.828865,6.765826
6.850443,4.559603,6.850443,6.787085
6.872022,4.542645,6.872022,6.809608
6.893601,4.525758,6.893601,6.833455
6.915179,4.508843,6.915179,6.858705
6.936758,4.491787,6.936758,6.88541
6.958337,4.474476,6.958337,6.913622
6.979915,4.456787,6.979915,6.94338
7.001494,4.438593,7.001494,6.97472
7.023073,4.419759,7.023073,7.007666
7.044651,4.400146,7.044651,7.042227
7.06623,4.379612,7.06623,7.078401
7.087809,4.358017,7.087809,7.116177
7.109387,4.335215,7.109387,7.155535
7.130966,4.311059,7.130966,7.19644
7.152545,4.285403,7.152545,7.238843
7.174124,4.258102,7.174124,7.282687
7.195702,4.229014,7.195702,7.327898
7.217281,4.197999,7.217281,7.374387
7.23886,4.164924,7.23886,7.42206
7.260438,4.12966,7.260438,7.470807
7.282017,4.092084,7.282017,7.520507
7.303596,4.052083,7.303596,7.571027
7.325174,4.009548,7.325174,7.622225
7.346753,3.964383,7.346753,7.673947
7.368332,3.916502,7.368332,7.726032
7.38991,3.86583,7.38991,7.778309
7.411489,3.812302,7.411489,7.830597
7.433068,3.755869,7.433068,7.882716
7.454646,3.69649,7.454646,7.934475
7.476225,3.634142,7.476225,7.985678
7.497804,3.568815,7.497804,8.036125999999999
7.519382,3.500513,7.519382,8.085623
7.540961,3.429254,7.540961,8.133964000000001
7.56254,3.355073,7.56254,8.180949
7.584119,3.278017,7.584119,8.226387000000001
7.605697,3.198147,7.605697,8.270077000000001
7.627276,3.115539,7.627276,8.311831
7.648855,3.030282,7.648855,8.351462
7.670433,2.942479,7.670433,8.38879
7.692012,2.852249,7.692012,8.423643
7.713591,2.759718,7.713591,8.455859999999999
7.735169,2.665025,7.735169,8.485290000000001
7.756748,2.56832,7.756748,8.511787999999999
7.778327,2.469763,7.778327,8.535223
7.799905,2.369523,7.799905,8.555479
7.821484,2.267775,7.821484,8.57245
7.843063,2.1647,7.843063,8.586047000000001
7.864641,2.060484,7.864641,8.59619
7.88622,1.955319,7.88622,8.602817999999999
7.907799,1.849397,7.907799,8.605880000000001
7.929378,1.742914,7.929378,8.60534
7.950956,1.636064,7.950956,8.601178000000001
7.972535,1.529045,7.972535,8.593387999999999
7.994114,1.422049,7.994114,8.581977
8.015692,1.315266,8.015692,8.566967
8.037271,1.208883,8.037271,8.548394
8.05885,1.103081,8.05885,8.526300000000001
8.080427999999999,0.998036,8.080427999999999,8.500749000000001
8.102007,0.893916,8.102007,8.471809
8.123586,0.790882,8.123586,8.43956
8.145163999999999,0.689089,8.145163999999999,8.404090999999999
8.166743,0.588681,8.166743,8.365499
8.188321999999999,0.489794,8.188321999999999,8.323893999999999
8.209899999999999,0.392554,8.209899999999999,8.279384
8.231479,0.297076,8.231479,8.232092
8.253057999999999,0.203467,8.253057999999999,8.182136
8.274635999999999,0.111823,8.274635999999999,8.129645
8.296215,0.022232,8.296215,8.074749000000001
8.317793999999999,-0.065231,8.317793999999999,8.017578
8.339373,-0.150498,8.339373,7.958266
8.360951,-0.233513,8.360951,7.896948
8.382529999999999,-0.31423,8.382529999999999,7.833754
8.404109,-0.392609,8.404109,7.768813
8.425687,-0.468618,8.425687,7.702254
8.447266000000001,-0.542235,8.447266000000001,7.634209
8.468845,-0.613445,8.468845,7.564796
8.490423,-0.682241,8.490423,7.49414
8.512002000000001,-0.74862,8.512002000000001,7.422353
8.533581,-0.812588,8.533581,7.349551
8.555159,-0.874152,8.555159,7.275837
8.576738000000001,-0.933325,8.576738000000001,7.201316
8.598317,-0.990127,8.598317,7.126091
8.619895,-1.044579,8.619895,7.050251
8.641474000000001,-1.096706,8.641474000000001,6.973886
8.663053,-1.146533,8.663053,6.89708
8.684631,-1.194089,8.684631,6.819919
8.70621,-1.239407,8.70621,6.742475
8.727789,-1.282519,8.727789,6.664821
8.749368,-1.323458,8.749368,6.587025
8.770946,-1.362258,8.770946,6.509151
8.792524999999999,-1.398952,8.792524999999999,6.43126
8.814104,-1.433575,8.814104,6.353409
8.835682,-1.466161,8.835682,6.275662
8.857260999999999,-1.496749,8.857260999999999,6.198065
8.87884,-1.525371,8.87884,6.120669
8.900418,-1.552063,8.900418,6.043524
8.921996999999999,-1.576859,8.921996999999999,5.966675
8.943576,-1.599793,8.943576,5.890167
8.965154,-1.620899,8.965154,5.814044
8.986732999999999,-1.640212,8.986732999999999,5.738348
9.008312,-1.657766,9.008312,5.663122
9.02989,-1.673596,9.02989,5.588405
9.051469000000001,-1.687736,9.051469000000001,5.514236
9.073048,-1.700222,9.073048,5.440655
9.094626999999999,-1.711092,9.094626999999999,5.367701
9.116205000000001,-1.720379,9.116205000000001,5.295401
9.137784,-1.72812,9.137784,5.223801
9.159363000000001,-1.734355,9.159363000000001,5.152935
9.180941000000001,-1.739125,9.180941000000001,5.082833
9.20252,-1.742468,9.20252,5.013529
9.224099000000001,-1.744425,9.224099000000001,4.94505
9.245677000000001,-1.745036,9.245677000000001,4.877427
9.267256,-1.744345,9.267256,4.810688
9.288835000000001,-1.742393,9.288835000000001,4.744857
9.310413,-1.739224,9.310413,4.679962
9.331992,-1.734884,9.331992,4.616025
9.353571000000001,-1.729417,9.353571000000001,4.553064
9.375149,-1.72287,9.375149,4.491101
9.396728,-1.715289,9.396728,4.43015
9.418307,-1.706721,9.418307,4.370224
9.439885,-1.697211,9.439885,4.311336
9.461463999999999,-1.686805,9.461463999999999,4.253496
9.483043,-1.67555,9.483043,4.19671
9.504621999999999,-1.663492,9.504621999999999,4.140984
9.526199999999999,-1.650677,9.526199999999999,4.086321
9.547779,-1.63715,9.547779,4.03272
9.569357999999999,-1.622953,9.569357999999999,3.980179
9.590935999999999,-1.608129,9.590935999999999,3.928693
9.612515,-1.59272,9.612515,3.87826
9.634093999999999,-1.576766,9.634093999999999,3.828869
9.655671999999999,-1.560306,9.655671999999999,3.780511
9.677251,-1.543377,9.677251,3.733176
9.698829999999999,-1.526016,9.698829999999999,3.686851
9.720408000000001,-1.508255,9.720408000000001,3.641522
9.741987,-1.490129,9.741987,3.597174
9.763566000000001,-1.471665,9.763566000000001,3.553788
9.785144000000001,-1.452892,9.785144000000001,3.511357
9.806723,-1.43384,9.806723,3.469858
9.828302000000001,-1.414534,9.828302000000001,3.429274
9.849881,-1.394997,9.849881,3.389588
9.871459,-1.37525,9.871459,3.350782
9.893038000000001,-1.355316,9.893038000000001,3.312838
9.914617,-1.335211,9.914617,3.275738
9.936195,-1.314954,9.936195,3.23947
9.957774000000001,-1.294564,9.957774000000001,3.204013
9.979353,-1.274055,9.979353,3.169349
10.000931,-1.253441,10.000931,3.135465
10.02251,-1.232736,10.02251,3.102346
10.044089,-1.211954,10.044089,3.069973
10.065667,-1.191104,10.065667,3.038332
10.087246,-1.1702,10.087246,3.007415
10.108825,-1.149252,10.108825,2.977199
10.130403,-1.128267,10.130403,2.947674
10.151982,-1.107257,10.151982,2.918834
10.173561,-1.086231,10.173561,2.890661
10.195139,-1.0652,10.195139,2.863149
10.216718,-1.044175,10.216718,2.836281
10.238297,-1.023162,10.238297,2.810044
10.259876,-1.002171,10.259876,2.784433
10.281454,-0.981212,10.281454,2.759434
10.303033,-0.960292,10.303033,2.735031
10.324612,-0.939419,10.324612,2.711218
10.34619,-0.9186,10.34619,2.687979
10.367769,-0.897842,10.367769,2.66531
10.389348,-0.877156,10.389348,2.643199
10.410926,-0.856548,10.410926,2.621629
10.432505,-0.836025,10.432505,2.600589
10.454084,-0.81559,10.454084,2.58007
10.475662,-0.795253,10.475662,2.56006
10.497241,-0.775019,10.497241,2.540546
10.51882,-0.754892,10.51882,2.521518
10.540398,-0.734878,10.540398,2.502959
10.561977,-0.714978,10.561977,2.48486
10.583556,-0.695196,10.583556,2.467211
10.605134,-0.675536,10.605134,2.449995
10.626713,-0.6559970000000001,10.626713,2.433205
10.648292,-0.636583,10.648292,2.416827
10.669871,-0.617293,10.669871,2.40085
10.691449,-0.598127,10.691449,2.385266
10.713028,-0.579084,10.713028,2.370064
10.734607,-0.560164,10.734607,2.355234
10.756185,-0.541365,10.756185,2.340768
10.777764,-0.522685,10.777764,2.326656
10.799343,-0.504121,10.799343,2.31289
10.820921,-0.48567,10.820921,2.299467
10.8425,-0.46733,10.8425,2.286381
10.864079,-0.449099,10.864079,2.273624
10.885657,-0.430972,10.885657,2.261196
10.907236,-0.41295,10.907236,2.249091
10.928815,-0.395028,10.928815,2.237307
10.950393,-0.377204,10.950393,2.225842
10.971972,-0.359476,10.971972,2.214696
10.993551,-0.341844,10.993551,2.203868
11.01513,-0.324307,11.01513,2.193361
11.036708,-0.306864,11.036708,2.18317
11.058287,-0.289516,11.058287,2.173307
11.079866,-0.272268,11.079866,2.163766
11.101444,-0.25512,11.101444,2.15455
11.123023,-0.238076,11.123023,2.145662
11.144602,-0.221141,11.144602,2.137104
11.16618,-0.20432,11.16618,2.128878
11.187759,-0.187619,11.187759,2.120984
11.209338,-0.171045,11.209338,2.113423
11.230916,-0.154605,11.230916,2.106195
11.252495,-0.138306,11.252495,2.099304
11.274074,-0.12216,11.274074,2.092748
11.295652,-0.106177,11.295652,2.086526
11.317231,-0.090368,11.317231,2.080634
11.33881,-0.074743,11.33881,2.07507
11.360388,-0.059314,11.360388,2.069826
11.381967,-0.044092,11.381967,2.064898
11.403546,-0.029087,11.403546,2.060278
11.425125,-0.014312,11.425125,2.055958
11.446703,0.000223,11.446703,2.05193
11.468282,0.014507,11.468282,2.04818
11.489861,0.028531,11.489861,2.044701
11.511439,0.042282,11.511439,2.041476
11.533018,0.055753,11.533018,2.038491
11.554597,0.068937,11.554597,2.035729
11.576175,0.081827,11.576175,2.03318
11.597754,0.094415,11.597754,2.03082
11.619333,0.106697,11.619333,2.028635
11.640911,0.11867,11.640911,2.026604
11.66249,0.130332,11.66249,2.024708
11.684069,0.141682,11.684069,2.022927
11.705647,0.152722,11.705647,2.02124
11.727226,0.163455,11.727226,2.01963
11.748805,0.173884,11.748805,2.018077
11.770384,0.184015,11.770384,2.016559
11.791962,0.193854,11.791962,2.015057
11.813541,0.203412,11.813541,2.013553
11.83512,0.212697,11.83512,2.012028
11.856698,0.221723,11.856698,2.010465
11.878277,0.230501,11.878277,2.008847
11.899856,0.239045,11.899856,2.007159
11.921434,0.247372,11.921434,2.005389
11.943013,0.255497,11.943013,2.00352
11.964592,0.263438,11.964592,2.001543
11.98617,0.271213,11.98617,1.999448
12.007749,0.278841,12.007749,1.997226
12.029328,0.286341,12.029328,1.994869
12.050906,0.293734,12.050906,1.992372
12.072485,0.30104,12.072485,1.989733
12.094064,0.308278,12.094064,1.986949
12.115642,0.31547,12.115642,1.984019
12.137221,0.322636,12.137221,1.980945
12.1588,0.329797,12.1588,1.977732
12.180379,0.33697,12.180379,1.974385
12.201957,0.344174,12.201957,1.970907
12.223536,0.351429,12.223536,1.967307
12.245115,0.358753,12.245115,1.963595
12.266693,0.366161,12.266693,1.959782
12.288272,0.373671,12.288272,1.955879
12.309851,0.381295,12.309851,1.9519
12.331429,0.389049,12.331429,1.947858
12.353008,0.396945,12.353008,1.943769
12.374587,0.404994,12.374587,1.939651
12.396165,0.413205,12.396165,1.935522
12.417744,0.421585,12.417744,1.931395
12.439323,0.430143,12.439323,1.927292
12.460901,0.438883,12.460901,1.92323
12.48248,0.447808,12.48248,1.919229
12.504059,0.45692,12.504059,1.915309
12.525637,0.46622,12.525637,1.911487
12.547216,0.475707,12.547216,1.90778
12.568795,0.48538,12.568795,1.90421
12.590374,0.495233,12.590374,1.900794
12.611952,0.505261,12.611952,1.89755
12.633531,0.515459,12.633531,1.894494
12.65511,0.525818,12.65511,1.891644
12.676688,0.5363289999999999,12.676688,1.889014
12.698267,0.5469810000000001,12.698267,1.886618
12.719846,0.557764,12.719846,1.884471
12.741424,0.568667,12.741424,1.882584
12.763003,0.579676,12.763003,1.880971
12.784582,0.590778,12.784582,1.879639
12.80616,0.601958,12.80616,1.878599
12.827739,0.613201,12.827739,1.877858
12.849318,0.624493,12.849318,1.877423
12.870896,0.635818,12.870896,1.877297
12.892475,0.64716,12.892475,1.877484
12.914054,0.658506,12.914054,1.877987
12.935633,0.669839,12.935633,1.878807
12.957211,0.681145,12.957211,1.879944
12.97879,0.6924090000000001,12.97879,1.881395
13.000369,0.703616,13.000369,1.883159
13.021947,0.714755,13.021947,1.885231
13.043526,0.72581,13.043526,1.887608
13.065105,0.736772,13.065105,1.890283
13.086683,0.747626,13.086683,1.893251
13.108262,0.758365,13.108262,1.896503
13.129841,0.7689780000000001,13.129841,1.900035
13.151419,0.779456,13.151419,1.903836
13.172998,0.789791,13.172998,1.907898
13.194577,0.799976,13.194577,1.912213
13.216155,0.810008,13.216155,1.916772
13.237734,0.819879,13.237734,1.921568
13.259313,0.829587,13.259313,1.926588
13.280891,0.839128,13.280891,1.93183
13.30247,0.8485009999999999,13.30247,1.937282
13.324049,0.857704,13.324049,1.942938
13.345628,0.866736,13.345628,1.948792
13.367206,0.875597,13.367206,1.954837
13.388785,0.884286,13.388785,1.961067
13.410364,0.892805,13.410364,1.967478
13.431942,0.901156,13.431942,1.974066
13.453521,0.909338,13.453521,1.980827
13.4751,0.9173519999999999,13.4751,1.987761
13.496678,0.9252,13.496678,1.994864
13.518257,0.932883,13.518257,2.002136
13.539836,0.940401,13.539836,2.009577
13.561414,0.947754,13.561414,2.017189
13.582993,0.954942,13.582993,2.024972
13.604572,0.961963,13.604572,2.032929
13.62615,0.968817,13.62615,2.041063
13.647729,0.975498,13.647729,2.049374
13.669308,0.982006,13.669308,2.057868
13.690886,0.988334,13.690886,2.066548
13.712465,0.994479,13.712465,2.075416
13.734044,1.000432,13.734044,2.084475
13.755623,1.006187,13.755623,2.093729
13.777201,1.011736,13.777201,2.103179
13.79878,1.017069,13.79878,2.112827
13.820359,1.022176,13.820359,2.122675
13.841937,1.027047,13.841937,2.13272
13.863516,1.03167,13.863516,2.142966
13.885095,1.036033,13.885095,2.153408
13.906673,1.040122,13.906673,2.164046
13.928252,1.043925,13.928252,2.174873
13.949831,1.047427,13.949831,2.185883
13.971409,1.050617,13.971409,2.197071
13.992988,1.053478,13.992988,2.208428
14.014567,1.055998,14.014567,2.219944
14.036145,1.058164,14.036145,2.231606
14.057724,1.059962,14.057724,2.243402
14.079303,1.061381,14.079303,2.25532
14.100882,1.062408,14.100882,2.267339
14.12246,1.063034,14.12246,2.279447
14.144039,1.063248,14.144039,2.291621
14.165618,1.063042,14.165618,2.303842
14.187196,1.06241,14.187196,2.316089
14.208775,1.061346,14.208775,2.328341
14.230354,1.059846,14.230354,2.340575
14.251932,1.057906,14.251932,2.352766
14.273511,1.055527,14.273511,2.364888
14.29509,1.05271,14.29509,2.376915
14.316668,1.04946,14.316668,2.388827
14.338247,1.04578,14.338247,2.400593
14.359826,1.041679,14.359826,2.412192
14.381404,1.037165,14.381404,2.423595
14.402983,1.03225,14.402983,2.434781
14.424562,1.026946,14.424562,2.445721
14.44614,1.021271,14.44614,2.456397
14.467719,1.015239,14.467719,2.466785
14.489298,1.008869,14.489298,2.476861
14.510877,1.002183,14.510877,2.486608
14.532455,0.9952029999999999,14.532455,2.496006
14.554034,0.9879520000000001,14.554034,2.50504
14.575613,0.980455,14.575613,2.513694
14.597191,0.972738,14.597191,2.521955
14.61877,0.964828,14.61877,2.529809
14.640349,0.956753,14.640349,2.537248
14.661927,0.948545,14.661927,2.544265
14.683506,0.940232,14.683506,2.550854
14.705085,0.931845,14.705085,2.557015
14.726663,0.923413,14.726663,2.562744
14.748242,0.91497,14.748242,2.568046
14.769821,0.906543,14.769821,2.572922
14.791399,0.898166,14.791399,2.577381
14.812978,0.889868,14.812978,2.58143
14.834557,0.881678,14.834557,2.585082
14.856136,0.873626,14.856136,2.58835
14.877714,0.865741,14.877714,2.591249
14.899293,0.858048,14.899293,2.593798
14.920872,0.850575,14.920872,2.596017
14.94245,0.843345,14.94245,2.597927
14.964029,0.836382,14.964029,2.599554
14.985608,0.829707,14.985608,2.600922
15.007186,0.82334,15.007186,2.602059
15.028765,0.8172970000000001,15.028765,2.602994
15.050344,0.811597,15.050344,2.603757
15.071922,0.806252,15.071922,2.604382
15.093501,0.801273,15.093501,2.604901
15.11508,0.796669,15.11508,2.605347
15.136658,0.792448,15.136658,2.605757
15.158237,0.788613,15.158237,2.606163
15.179816,0.785168,15.179816,2.606605
15.201394,0.7821090000000001,15.201394,2.607118
15.222973,0.779435,15.222973,2.607738
15.244552,0.777139,15.244552,2.608501
15.266131,0.775213,15.266131,2.609444
15.287709,0.7736459999999999,15.287709,2.610603
15.309288,0.772424,15.309288,2.612012
15.330867,0.771531,15.330867,2.613707
15.352445,0.770947,15.352445,2.61572
15.374024,0.770653,15.374024,2.618083
15.395603,0.7706229999999999,15.395603,2.620827
15.417181,0.770833,15.417181,2.623981
15.43876,0.7712560000000001,15.43876,2.627573
15.460339,0.771859,15.460339,2.631628
15.481917,0.772612,15.481917,2.63617
15.503496,0.773481,15.503496,2.641222
15.525075,0.774429,15.525075,2.646798
15.546653,0.775421,15.546653,2.652917
15.568232,0.7764180000000001,15.568232,2.659592
15.589811,0.777382,15.589811,2.666836
15.611389,0.778272,15.611389,2.674655
15.632968,0.779048,15.632968,2.683056
15.654547,0.779668,15.654547,2.69204
15.676126,0.780091,15.676126,2.701608
15.697704,0.7802750000000001,15.697704,2.711757
15.719283,0.780178,15.719283,2.722479
15.740862,0.779761,15.740862,2.733765
15.76244,0.778981,15.76244,2.745605
15.784019,0.7778,15.784019,2.757982
15.805598,0.776178,15.805598,2.770878
15.827176,0.774079,15.827176,2.784275
15.848755,0.771465,15.848755,2.798148
15.870334,0.768302,15.870334,2.812472
15.891912,0.764557,15.891912,2.82722
15.913491,0.760198,15.913491,2.84236
15.93507,0.755196,15.93507,2.857862
15.956648,0.749524,15.956648,2.873692
15.978227,0.743158,15.978227,2.889813
15.999806,0.736075,15.999806,2.906189
16.021385,0.728254,16.021385,2.922782
16.042963,0.719678,16.042963,2.939552
16.064542,0.710331,16.064542,2.956459
16.086121,0.700201,16.086121,2.973462
16.107699,0.689277,16.107699,2.99052
16.129278,0.677552,16.129278,3.007589
16.150857,0.665019,16.150857,3.024628
16.172435,0.651677,16.172435,3.041595
16.194014,0.637526,16.194014,3.058446
16.215593,0.622567,16.215593,3.075142
16.237171,0.606804,16.237171,3.09164
16.25875,0.590245,16.25875,3.107899
16.280329,0.572898,16.280329,3.123882
16.301907,0.554773,16.301907,3.139545
16.323486,0.535884,16.323486,3.154854
16.345065,0.516244,16.345065,3.169768
16.366643,0.495872,16.366643,3.184253
16.388222,0.474785,16.388222,3.198274
16.409801,0.453003,16.409801,3.211797
16.43138,0.430547,16.43138,3.22479
16.452958,0.40744,16.452958,3.237221
16.474537,0.383705,16.474537,3.249063
16.496116,0.359369,16.496116,3.260284
16.517694,0.334457,16.517694,3.270861
16.539273,0.308997,16.539273,3.280766
16.560852,0.283017,16.560852,3.289978
16.58243,0.256546,16.58243,3.298472
16.604009,0.229614,16.604009,3.306229
16.625588,0.202253,16.625588,3.313229
16.647166,0.174493,16.647166,3.319455
16.668745,0.146366,16.668745,3.324891
16.690324,0.117905,16.690324,3.329521
16.711902,0.089143,16.711902,3.333333
16.733481,0.060113,16.733481,3.336317
16.75506,0.030849,16.75506,3.338461
16.776638,0.001386,16.776638,3.339757
16.798217,-0.028243,16.798217,3.340199
16.819796,-0.058004,16.819796,3.339783
16.841375,-0.087862,16.841375,3.338503
16.862953,-0.117782,16.862953,3.336358
16.884532,-0.147731,16.884532,3.333348
16.906111,-0.177674,16.906111,3.329474
16.927689,-0.207577,16.927689,3.324738
16.949268,-0.237405,16.949268,3.319144
16.970847,-0.267125,16.970847,3.312701
16.992425,-0.296705,16.992425,3.305413
17.014004,-0.326112,17.014004,3.297291
17.035583,-0.355314,17.035583,3.288344
17.057161,-0.384279,17.057161,3.278585
17.07874,-0.412978,17.07874,3.268028
17.100319,-0.44138,17.100319,3.256685
17.121897,-0.469456,17.121897,3.244574
17.143476,-0.497177,17.143476,3.231712
17.165055,-0.524518,17.165055,3.218117
17.186634,-0.551451,17.186634,3.20381
17.208212,-0.577952,17.208212,3.188811
17.229791,-0.603998,17.229791,3.173142
17.25137,-0.629566,17.25137,3.156824
17.272948,-0.654634,17.272948,3.139883
17.294527,-0.679182,17.294527,3.122342
17.316106,-0.703192,17.316106,3.104227
17.337684,-0.726645,17.337684,3.085561
17.359263,-0.749526,17.359263,3.066374
17.380842,-0.77182,17.380842,3.046691
17.40242,-0.7935140000000001,17.40242,3.026541
17.423999,-0.814596,17.423999,3.005948
17.445578,-0.835054,17.445578,2.984943
17.467156,-0.854881,17.467156,2.963551
17.488735,-0.874066,17.488735,2.941802
17.510314,-0.892605,17.510314,2.919723
17.531892,-0.91049,17.531892,2.897342
17.553471,-0.927719,17.553471,2.874687
17.57505,-0.944288,17.57505,2.851785
17.596629,-0.960196,17.596629,2.828664
17.618207,-0.97544,17.618207,2.805351
17.639786,-0.990023,17.639786,2.781873
17.661365,-1.003946,17.661365,2.758257
17.682943,-1.01721,17.682943,2.734528
17.704522,-1.029822,17.704522,2.710712
17.726101,-1.041784,17.726101,2.686835
17.747679,-1.053102,17.747679,2.66292
17.769258,-1.063784,17.769258,2.638994
17.790837,-1.073837,17.790837,2.615077
17.812415,-1.083268,17.812415,2.591196
17.833994,-1.092088,17.833994,2.56737
17.855573,-1.100307,17.855573,2.543622
17.877151,-1.107935,17.877151,2.519974
17.89873,-1.114983,17.89873,2.496446
17.920309,-1.121465,17.920309,2.473057
17.941888,-1.127392,17.941888,2.449827
17.963466,-1.132779,17.963466,2.426775
17.985045,-1.13764,17.985045,2.403916
18.006624,-1.14199,18.006624,2.38127
18.028202,-1.145844,18.028202,2.358853
18.049781,-1.149218,18.049781,2.336678
18.07136,-1.15213,18.07136,2.31476
18.092938,-1.154594,18.092938,2.293114
18.114517,-1.156631,18.114517,2.271751
18.136096,-1.158256,18.136096,2.250683
18.157674,-1.159489,18.157674,2.229921
18.179253,-1.160346,18.179253,2.209475
18.200832,-1.160848,18.200832,2.189353
18.22241,-1.161014,18.22241,2.169564
18.243989,-1.160861,18.243989,2.150116
18.265568,-1.16041,18.265568,2.131013
18.287146,-1.15968,18.287146,2.112261
18.308725,-1.15869,18.308725,2.093865
18.330304,-1.15746,18.330304,2.075826
18.351883,-1.15601,18.351883,2.058148
18.373461,-1.154358,18.373461,2.04083
18.39504,-1.152524,18.39504,2.023873
18.416619,-1.150526,18.416619,2.007276
18.438197,-1.148383,18.438197,1.991037
18.459776,-1.146113,18.459776,1.975153
18.481355,-1.143735,18.481355,1.959621
18.502933,-1.141265,18.502933,1.944436
18.524512,-1.138721,18.524512,1.929591
18.546091,-1.136119,18.546091,1.915081
18.567669,-1.133476,18.567669,1.900898
18.589248,-1.130805,18.589248,1.887035
18.610827,-1.128123,18.610827,1.873482
18.632405,-1.125443,18.632405,1.86023
18.653984,-1.122777,18.653984,1.847269
18.675563,-1.120139,18.675563,1.834588
18.697141,-1.117541,18.697141,1.822176
18.71872,-1.114992,18.71872,1.81002
18.740299,-1.112503,18.740299,1.79811
18.761878,-1.110082,18.761878,1.786431
18.783456,-1.107738,18.783456,1.774973
18.805035,-1.105478,18.805035,1.763721
18.826614,-1.103308,18.826614,1.752662
18.848192,-1.101234,18.848192,1.741784
18.869771,-1.099261,18.869771,1.731071
18.89135,-1.09739,18.89135,1.720512
18.912928,-1.095626,18.912928,1.710093
18.934507,-1.09397,18.934507,1.699801
18.956086,-1.092424,18.956086,1.689623
18.977664,-1.090986,18.977664,1.679545
18.999243,-1.089656,18.999243,1.669557
19.020822,-1.088434,19.020822,1.659646
19.0424,-1.087316,19.0424,1.649801
19.063979,-1.0863,19.063979,1.640009
19.085558,-1.085382,19.085558,1.630263
19.107137,-1.084558,19.107137,1.620548
19.128715,-1.083823,19.128715,1.610862
19.150294,-1.083173,19.150294,1.601192
19.171873,-1.082603,19.171873,1.59153
19.193451,-1.082106,19.193451,1.581869
19.21503,-1.081676,19.21503,1.572203
19.236609,-1.081308,19.236609,1.562526
19.258187,-1.080994,19.258187,1.552831
19.279766,-1.080728,19.279766,1.543115
19.301345,-1.080504,19.301345,1.533374
19.322923,-1.080314,19.322923,1.523604
19.344502,-1.080153,19.344502,1.513803
19.366081,-1.080014,19.366081,1.503969
19.387659,-1.079889,19.387659,1.494099
19.409238,-1.079775,19.409238,1.484194
19.430817,-1.079664,19.430817,1.474254
19.452395,-1.079552,19.452395,1.464276
19.473974,-1.079432,19.473974,1.454262
19.495553,-1.0793,19.495553,1.444213
19.517132,-1.07915,19.517132,1.434129
19.53871,-1.078979,19.53871,1.424012
19.560289,-1.078782,19.560289,1.413865
19.581868,-1.078557,19.581868,1.403687
19.603446,-1.078299,19.603446,1.393482
19.625025,-1.078006,19.625025,1.383252
19.646604,-1.077675,19.646604,1.372998
19.668182,-1.077304,19.668182,1.362722
19.689761,-1.07689,19.689761,1.352426
19.71134,-1.076433,19.71134,1.342113
19.732918,-1.075931,19.732918,1.331785
19.754497,-1.075382,19.754497,1.321443
19.776076,-1.074785,19.776076,1.31109
19.797654,-1.074141,19.797654,1.300726
19.819233,-1.073448,19.819233,1.290353
19.840812,-1.072705,19.840812,1.279973
19.86239,-1.071913,19.86239,1.269587
19.883969,-1.071072,19.883969,1.259197
19.905548,-1.070182,19.905548,1.248801
19.927127,-1.069241,19.927127,1.238402
19.948705,-1.068251,19.948705,1.228
19.970284,-1.06721,19.970284,1.217595
19.991863,-1.06612,19.991863,1.207187
20.013441,-1.064978,20.013441,1.196775
20.03502,-1.063786,20.03502,1.186363
20.056599,-1.062543,20.056599,1.175948
20.078177,-1.061249,20.078177,1.16553
20.099756,-1.059904,20.099756,1.15511
20.121335,-1.058507,20.121335,1.144686
20.142913,-1.057058,20.142913,1.134258
20.164492,-1.055555,20.164492,1.123825
20.186071,-1.053998,20.186071,1.113388
20.207649,-1.052385,20.207649,1.102945
20.229228,-1.050716,20.229228,1.092497
20.250807,-1.04899,20.250807,1.082042
20.272386,-1.047204,20.272386,1.071581
20.293964,-1.045359,20.293964,1.061113
20.315543,-1.043451,20.315543,1.050637
20.337122,-1.041479,20.337122,1.040155
20.3587,-1.039442,20.3587,1.029666
20.380279,-1.037338,20.380279,1.019169
20.401858,-1.035166,20.401858,1.008664
20.423436,-1.032922,20.423436,0.998153
20.445015,-1.030605,20.445015,0.987635
20.466594,-1.028213,20.466594,0.97711
20.488172,-1.025743,20.488172,0.96658
20.509751,-1.023194,20.509751,0.956044
20.53133,-1.020563,20.53133,0.945504
20.552908,-1.017848,20.552908,0.934961
20.574487,-1.015046,20.574487,0.924417
20.596066,-1.012155,20.596066,0.913871
20.617644,-1.009172,20.617644,0.903326
20.639223,-1.006095,20.639223,0.892784
20.660802,-1.002922,20.660802,0.882247
20.682381,-0.999651,20.682381,0.871717
20.703959,-0.9962800000000001,20.703959,0.861196
20.725538,-0.992805,20.725538,0.850687
20.747117,-0.989226,20.747117,0.840191
20.768695,-0.9855390000000001,20.768695,0.829713
20.790274,-0.981744,20.790274,0.819255
20.811853,-0.977838,20.811853,0.808822
20.833431,-0.973819,20.833431,0.798415
20.85501,-0.969686,20.85501,0.78804
20.876589,-0.965439,20.876589,0.7776999999999999
20.898167,-0.961076,20.898167,0.7673990000000001
20.919746,-0.956596,20.919746,0.757141
20.941325,-0.951998,20.941325,0.74693
20.962903,-0.947283,20.962903,0.736771
20.984482,-0.942449,20.984482,0.726669
21.006061,-0.937499,21.006061,0.716628
21.02764,-0.932431,21.02764,0.706653
21.049218,-0.927247,21.049218,0.696748
21.070797,-0.921947,21.070797,0.686918
21.092376,-0.916533,21.092376,0.677168
21.113954,-0.911007,21.113954,0.667503
21.135533,-0.90537,21.135533,0.657927
21.157112,-0.899626,21.157112,0.648445
21.17869,-0.893776,21.17869,0.639062
21.200269,-0.887823,21.200269,0.629782
21.221848,-0.881772,21.221848,0.620608
21.243426,-0.875625,21.243426,0.611546
21.265005,-0.869386,21.265005,0.602597
21.286584,-0.863059,21.286584,0.593766
21.308162,-0.856648,21.308162,0.585056
21.329741,-0.8501570000000001,21.329741,0.57647
21.35132,-0.843592,21.35132,0.568012
21.372898,-0.836956,21.372898,0.559681
21.394477,-0.830255,21.394477,0.551481
21.416056,-0.823493,21.416056,0.543414
21.437635,-0.816675,21.437635,0.535481
21.459213,-0.809808,21.459213,0.527683
21.480792,-0.802894,21.480792,0.520021
21.502371,-0.795941,21.502371,0.512495
21.523949,-0.788952,21.523949,0.505104
21.545528,-0.781932,21.545528,0.497849
21.567107,-0.774887,21.567107,0.490729
21.588685,-0.767821,21.588685,0.483742
21.610264,-0.7607390000000001,21.610264,0.47689
21.631843,-0.753645,21.631843,0.470168
21.653421,-0.746544,21.653421,0.463575
21.675,-0.739439,21.675,0.45711
21.696579,-0.732335,21.696579,0.450771
21.718157,-0.725235,21.718157,0.444554
21.739736,-0.7181419999999999,21.739736,0.438458
21.761315,-0.7110610000000001,21.761315,0.43248
21.782893,-0.703994,21.782893,0.426616
21.804472,-0.696944,21.804472,0.420864
21.826051,-0.689913,21.826051,0.415221
21.84763,-0.682903,21.84763,0.409683
21.869208,-0.675916,21.869208,0.404248
21.890787,-0.668955,21.890787,0.398911
21.912366,-0.6620200000000001,21.912366,0.393671
21.933944,-0.6551129999999999,21.933944,0.388523
21.955523,-0.648235,21.955523,0.383465
21.977102,-0.641385,21.977102,0.378494
21.99868,-0.634566,21.99868,0.373607
22.020259,-0.6277779999999999,22.020259,0.3688
22.041838,-0.62102,22.041838,0.364072
22.063416,-0.614293,22.063416,0.359419
22.084995,-0.607596,22.084995,0.354839
22.106574,-0.60093,22.106574,0.35033
22.128152,-0.594293,22.128152,0.345889
22.149731,-0.587686,22.149731,0.341515
22.17131,-0.581108,22.17131,0.337205
22.192889,-0.574558,22.192889,0.332958
22.214467,-0.568036,22.214467,0.328772
22.236046,-0.56154,22.236046,0.324646
22.257625,-0.55507,22.257625,0.320578
22.279203,-0.548624,22.279203,0.316567
22.300782,-0.542203,22.300782,0.312613
22.322361,-0.535806,22.322361,0.308715
22.343939,-0.529431,22.343939,0.304872
22.365518,-0.523078,22.365518,0.301083
22.387097,-0.516747,22.387097,0.297348
22.408675,-0.510436,22.408675,0.293668
22.430254,-0.504146,22.430254,0.290041
22.451833,-0.497875,22.451833,0.286468
22.473411,-0.491624,22.473411,0.282948
22.49499,-0.485393,22.49499,0.279483
22.516569,-0.47918,22.516569,0.276071
22.538147,-0.472986,22.538147,0.272713
22.559726,-0.466811,22.559726,0.26941
22.581305,-0.460656,22.581305,0.266162
22.602884,-0.45452,22.602884,0.262968
22.624462,-0.448405,22.624462,0.259829
22.646041,-0.442309,22.646041,0.256746
22.66762,-0.436235,22.66762,0.253718
22.689198,-0.430183,22.689198,0.250747
22.710777,-0.424153,22.710777,0.24783
22.732356,-0.418147,22.732356,0.24497
22.753934,-0.412165,22.753934,0.242166
22.775513,-0.406209,22.775513,0.239417
22.797092,-0.40028,22.797092,0.236724
22.81867,-0.394378,22.81867,0.234085
22.840249,-0.388505,22.840249,0.231501
22.861828,-0.382662,22.861828,0.228972
22.883406,-0.376851,22.883406,0.226496
22.904985,-0.371072,22.904985,0.224073
22.926564,-0.365327,22.926564,0.221701
22.948142,-0.359617,22.948142,0.219381
22.969721,-0.353944,22.969721,0.21711
22.9913,-0.348308,22.9913,0.214888
23.012879,-0.34271,23.012879,0.212712
23.034457,-0.337152,23.034457,0.210583
23.056036,-0.331635,23.056036,0.208497
23.077615,-0.326159,23.077615,0.206454
23.099193,-0.320726,23.099193,0.204452
23.120772,-0.315335,23.120772,0.202488
23.142351,-0.309988,23.142351,0.200562
23.163929,-0.304685,23.163929,0.19867
23.185508,-0.299427,23.185508,0.196811
23.207087,-0.294213,23.207087,0.194984
23.228665,-0.289044,23.228665,0.193184
23.250244,-0.283919,23.250244,0.191412
23.271823,-0.278839,23.271823,0.189664
23.293401,-0.273803,23.293401,0.187938
23.31498,-0.268811,23.31498,0.186233
23.336559,-0.263862,23.336559,0.184545
23.358138,-0.258956,23.358138,0.182874
23.379716,-0.254092,23.379716,0.181217
23.401295,-0.249267,23.401295,0.179571
23.422874,-0.244483,23.422874,0.177936
23.444452,-0.239736,23.444452,0.176309
23.466031,-0.235027,23.466031,0.174689
23.48761,-0.230353,23.48761,0.173075
23.509188,-0.225713,23.509188,0.171463
23.530767,-0.221106,23.530767,0.169854
23.552346,-0.216529,23.552346,0.168246
23.573924,-0.211981,23.573924,0.166638
23.595503,-0.20746,23.595503,0.165028
23.617082,-0.202965,23.617082,0.163416
23.63866,-0.198492,23.63866,0.161801
23.660239,-0.194041,23.660239,0.160183
23.681818,-0.189609,23.681818,0.15856
23.703396,-0.185194,23.703396,0.156933
23.724975,-0.180795,23.724975,0.155302
23.746554,-0.176408,23.746554,0.153666
23.768133,-0.172034,23.768133,0.152026
23.789711,-0.167668,23.789711,0.150382
23.81129,-0.16331,23.81129,0.148734
23.832869,-0.158957,23.832869,0.147083
23.854447,-0.154608,23.854447,0.145429
23.876026,-0.150261,23.876026,0.143773
23.897605,-0.145914,23.897605,0.142116
23.919183,-0.141566,23.919183,0.140459
23.940762,-0.137216,23.940762,0.138803
23.962341,-0.132861,23.962341,0.137149
23.983919,-0.1285,23.983919,0.135499
24.005498,-0.124133,24.005498,0.133854
24.027077,-0.119757,24.027077,0.132215
24.048655,-0.115373,24.048655,0.130584
24.070234,-0.110979,24.070234,0.128962
24.091813,-0.106574,24.091813,0.127352
24.113392,-0.102158,24.113392,0.125754
24.13497,-0.09773,24.13497,0.124171
24.156549,-0.093289,24.156549,0.122604
24.178128,-0.088836,24.178128,0.121054
24.199706,-0.084371,24.199706,0.119525
24.221285,-0.079892,24.221285,0.118017
24.242864,-0.075401,24.242864,0.116533
24.264442,-0.070898,24.264442,0.115073
24.286021,-0.066382,24.286021,0.113641
24.3076,-0.061855,24.3076,0.112237
24.329178,-0.057316,24.329178,0.110864
24.350757,-0.052767,24.350757,0.109522
24.372336,-0.048209,24.372336,0.108215
24.393914,-0.043642,24.393914,0.106942
24.415493,-0.039068,24.415493,0.105706
24.437072,-0.034488,24.437072,0.104508
24.45865,-0.029902,24.45865,0.10335
24.480229,-0.025313,24.480229,0.102232
24.501808,-0.020722,24.501808,0.101156
24.523387,-0.016131,24.523387,0.100123
24.544965,-0.01154,24.544965,0.099133
24.566544,-0.006953,24.566544,0.098188
24.588123,-0.00237,24.588123,0.097288
24.609701,0.002206,24.609701,0.09643400000000001
24.63128,0.006773,24.63128,0.095625
24.652859,0.01133,24.652859,0.094864
24.674437,0.015874,24.674437,0.094148
24.696016,0.020404,24.696016,0.09347900000000001
24.717595,0.024917,24.717595,0.09285599999999999
24.739173,0.029411,24.739173,0.092279
24.760752,0.033885,24.760752,0.091747
24.782331,0.038336,24.782331,0.09125900000000001
24.803909,0.042762,24.803909,0.09081500000000001
24.825488,0.047161,24.825488,0.09041399999999999
24.847067,0.051531,24.847067,0.090054
24.868645,0.055872,24.868645,0.089735
24.890224,0.06018,24.890224,0.089453
24.911803,0.064454,24.911803,0.089209
24.933382,0.068693,24.933382,0.089001
24.95496,0.072895,24.95496,0.088825
24.976539,0.077059,24.976539,0.088681
24.998118,0.08118400000000001,24.998118,0.08856600000000001
25.019696,0.085268,25.019696,0.088478
25.041275,0.089312,25.041275,0.08841400000000001
25.062854,0.09331299999999999,25.062854,0.08837200000000001
25.084432,0.097273,25.084432,0.08835
25.106011,0.101189,25.106011,0.08834500000000001
25.12759,0.105063,25.12759,0.088353
25.149168,0.108894,25.149168,0.08837399999999999
25.170747,0.112682,25.170747,0.088403
25.192326,0.116428,25.192326,0.088438
25.213904,0.120133,25.213904,0.088477
25.235483,0.123797,25.235483,0.088517
25.257062,0.127421,25.257062,0.08855499999999999
25.278641,0.131007,25.278641,0.088588
25.300219,0.134556,25.300219,0.088615
25.321798,0.138069,25.321798,0.088632
25.343377,0.141548,25.343377,0.08863699999999999
25.364955,0.144996,25.364955,0.088628
25.386534,0.148414,25.386534,0.088603
25.408113,0.151805,25.408113,0.08856
25.429691,0.155171,25.429691,0.08849799999999999
25.45127,0.158515,25.45127,0.08841300000000001
25.472849,0.161839,25.472849,0.088306
25.494427,0.165147,25.494427,0.088175
25.516006,0.168441,25.516006,0.088019
25.537585,0.171724,25.537585,0.087837
25.559163,0.175,25.559163,0.087628
25.580742,0.178272,25.580742,0.087392
25.602321,0.181542,25.602321,0.087129
25.623899,0.184815,25.623899,0.086838
25.645478,0.188094,25.645478,0.08652
25.667057,0.191381,25.667057,0.086176
25.688636,0.19468,25.688636,0.08580599999999999
25.710214,0.197995,25.710214,0.08541
25.731793,0.201328,25.731793,0.084991
25.753372,0.204683,25.753372,0.08455
25.77495,0.208063,25.77495,0.084088
25.796529,0.211471,25.796529,0.083608
25.818108,0.214909,25.818108,0.08311
25.839686,0.218381,25.839686,0.082598
25.861265,0.221889,25.861265,0.08207399999999999
25.882844,0.225436,25.882844,0.08154
25.904422,0.229024,25.904422,0.081
25.926001,0.232655,25.926001,0.080456
25.94758,0.236332,25.94758,0.079911
25.969158,0.240056,25.969158,0.07936799999999999
25.990737,0.243829,25.990737,0.078831
26.012316,0.247652,26.012316,0.078304
26.033894,0.251527,26.033894,0.077789
26.055473,0.255456,26.055473,0.077292
26.077052,0.259438,26.077052,0.07681399999999999
26.098631,0.263475,26.098631,0.076361
26.120209,0.267568,26.120209,0.075936
26.141788,0.271716,26.141788,0.075543
26.163367,0.275919,26.163367,0.075186
26.184945,0.280179,26.184945,0.074869
26.206524,0.284494,26.206524,0.074597
26.228103,0.288863,26.228103,0.07437299999999999
26.249681,0.293287,26.249681,0.074201
26.27126,0.297765,26.27126,0.074086
26.292839,0.302294,26.292839,0.074031
26.314417,0.306874,26.314417,0.074041
26.335996,0.311504,26.335996,0.074119
26.357575,0.316181,26.357575,0.07427
26.379153,0.320904,26.379153,0.07449699999999999
26.400732,0.325671,26.400732,0.074805
26.422311,0.330478,26.422311,0.075196
26.44389,0.335324,26.44389,0.07567599999999999
26.465468,0.340206,26.465468,0.076247
26.487047,0.345121,26.487047,0.076913
26.508626,0.350065,26.508626,0.077677
26.530204,0.355036,26.530204,0.078544
26.551783,0.360029,26.551783,0.079515
26.573362,0.365041,26.573362,0.080594
26.59494,0.370068,26.59494,0.081784
26.616519,0.375105,26.616519,0.083089
26.638098,0.380149,26.638098,0.084509
26.659676,0.385194,26.659676,0.086049
26.681255,0.390236,26.681255,0.087709
26.702834,0.39527,26.702834,0.089492
26.724412,0.40029,26.724412,0.0914
26.745991,0.405292,26.745991,0.093434
26.76757,0.41027,26.76757,0.095596
26.789148,0.415218,26.789148,0.097886
26.810727,0.42013,26.810727,0.100306
26.832306,0.425002,26.832306,0.102854
26.853885,0.429826,26.853885,0.105532
26.875463,0.434597,26.875463,0.108339
26.897042,0.439309,26.897042,0.111274
26.918621,0.443955,26.918621,0.114337
26.940199,0.448529,26.940199,0.117525
26.961778,0.453026,26.961778,0.120838
26.983357,0.457439,26.983357,0.124272
27.004935,0.461762,27.004935,0.127825
27.026514,0.465989,27.026514,0.131494
27.048093,0.470115,27.048093,0.135276
27.069671,0.474134,27.069671,0.139166
27.09125,0.47804,27.09125,0.14316
27.112829,0.481829,27.112829,0.147255
27.134407,0.485495,27.134407,0.151444
27.155986,0.489033,27.155986,0.155723
27.177565,0.492439,27.177565,0.160085
27.199144,0.49571,27.199144,0.164525
27.220722,0.498841,27.220722,0.169036
27.242301,0.50183,27.242301,0.173611
27.26388,0.504673,27.26388,0.178243
27.285458,0.507369,27.285458,0.182926
27.307037,0.509915,27.307037,0.187653
27.328616,0.512311,27.328616,0.192415
27.350194,0.514554,27.350194,0.197206
27.371773,0.516646,27.371773,0.202017
27.393352,0.518585,27.393352,0.20684
27.41493,0.520374,27.41493,0.211669
27.436509,0.5220129999999999,27.436509,0.216496
27.458088,0.523504,27.458088,0.221313
27.479666,0.524849,27.479666,0.226113
27.501245,0.526052,27.501245,0.230889
27.522824,0.527116,27.522824,0.235634
27.544402,0.528045,27.544402,0.240343
27.565981,0.528842,27.565981,0.245008
27.58756,0.529514,27.58756,0.249624
27.609139,0.530064,27.609139,0.254186
27.630717,0.5305,27.630717,0.258688
27.652296,0.530826,27.652296,0.263128
27.673875,0.531049,27.673875,0.2675
27.695453,0.531175,27.695453,0.271802
27.717032,0.531211,27.717032,0.276031
27.738611,0.531165,27.738611,0.280185
27.760189,0.531042,27.760189,0.284262
27.781768,0.530849,27.781768,0.288263
27.803347,0.530595,27.803347,0.292186
27.824925,0.530285,27.824925,0.296033
27.846504,0.529926,27.846504,0.299804
27.868083,0.5295260000000001,27.868083,0.303502
27.889661,0.529091,27.889661,0.307128
27.91124,0.528626,27.91124,0.310686
27.932819,0.528138,27.932819,0.314179
27.954397,0.527632,27.954397,0.317612
27.975976,0.527114,27.975976,0.320989
27.997555,0.526587,27.997555,0.324315
28.019134,0.526056,28.019134,0.327596
28.040712,0.525525,28.040712,0.330838
28.062291,0.524997,28.062291,0.334047
28.08387,0.524474,28.08387,0.33723
28.105448,0.523959,28.105448,0.340394
28.127027,0.523451,28.127027,0.343545
28.148606,0.522952,28.148606,0.346692
28.170184,0.522462,28.170184,0.349842
28.191763,0.52198,28.191763,0.353001
28.213342,0.521504,28.213342,0.356178
28.23492,0.521033,28.23492,0.35938
28.256499,0.520562,28.256499,0.362613
28.278078,0.5200900000000001,28.278078,0.365886
28.299656,0.51961,28.299656,0.369205
28.321235,0.51912,28.321235,0.372577
28.342814,0.518612,28.342814,0.376007
28.364393,0.518081,28.364393,0.379502
28.385971,0.51752,28.385971,0.383067
28.40755,0.516922,28.40755,0.386706
28.429129,0.516278,28.429129,0.390425
28.450707,0.515582,28.450707,0.394226
28.472286,0.514823,28.472286,0.398114
28.493865,0.513992,28.493865,0.402091
28.515443,0.513081,28.515443,0.406157
28.537022,0.512079,28.537022,0.410316
28.558601,0.510975,28.558601,0.414566
28.580179,0.50976,28.580179,0.418908
28.601758,0.508422,28.601758,0.42334
28.623337,0.506951,28.623337,0.42786
28.644915,0.505337,28.644915,0.432465
28.666494,0.503567,28.666494,0.437152
28.688073,0.501632,28.688073,0.441916
28.709651,0.49952,28.709651,0.446751
28.73123,0.497221,28.73123,0.451651
28.752809,0.494725,28.752809,0.456609
28.774388,0.49202,28.774388,0.461616
28.795966,0.489098,28.795966,0.466664
28.817545,0.485949,28.817545,0.471741
28.839124,0.482564,28.839124,0.476839
28.860702,0.478934,28.860702,0.481944
28.882281,0.475052,28.882281,0.487044
28.90386,0.47091,28.90386,0.492127
28.925438,0.466501,28.925438,0.497177
28.947017,0.46182,28.947017,0.502181
28.968596,0.456862,28.968596,0.507122
28.990174,0.451623,28.990174,0.511984
29.011753,0.4461,29.011753,0.516751
29.033332,0.440289,29.033332,0.521405
29.05491,0.434192,29.05491,0.525927
29.076489,0.427806,29.076489,0.530301
29.098068,0.421135,29.098068,0.534507
29.119647,0.41418,29.119647,0.5385259999999999
29.141225,0.406944,29.141225,0.542339
29.162804,0.399434,29.162804,0.5459270000000001
29.184383,0.391655,29.184383,0.549271
29.205961,0.383614,29.205961,0.55235
29.22754,0.375322,29.22754,0.5551469999999999
29.249119,0.366788,29.249119,0.557643
29.270697,0.358024,29.270697,0.559819
29.292276,0.349044,29.292276,0.561657
29.313855,0.339861,29.313855,0.56314
29.335433,0.330492,29.335433,0.564252
29.357012,0.320953,29.357012,0.564978
29.378591,0.311263,29.378591,0.5653010000000001
29.400169,0.301442,29.400169,0.565209
29.421748,0.29151,29.421748,0.56469
29.443327,0.281489,29.443327,0.563731
29.464905,0.271402,29.464905,0.562324
29.486484,0.261271,29.486484,0.56046
29.508063,0.251122,29.508063,0.558132
29.529642,0.240979,29.529642,0.555334
29.55122,0.230869,29.55122,0.552065
29.572799,0.220816,29.572799,0.5483209999999999
29.594378,0.210846,29.594378,0.544102
29.615956,0.200988,29.615956,0.539411
29.637535,0.191265,29.637535,0.5342519999999999
29.659114,0.181706,29.659114,0.528629
29.680692,0.172336,29.680692,0.52255
29.702271,0.163181,29.702271,0.516025
29.72385,0.154265,29.72385,0.509065
29.745428,0.145613,29.745428,0.501682
29.767007,0.137249,29.767007,0.493891
29.788586,0.129194,29.788586,0.485709
29.810164,0.121471,29.810164,0.477153
29.831743,0.1141,29.831743,0.468242
29.853322,0.1071,29.853322,0.458998
29.8749,0.100487,29.8749,0.449442
29.896479,0.094278,29.896479,0.439598
29.918058,0.088488,29.918058,0.429488
29.939637,0.08312899999999999,29.939637,0.41914
29.961215,0.078211,29.961215,0.408577
29.982794,0.073745,29.982794,0.397828
30.004373,0.06973699999999999,30.004373,0.386918
30.025951,0.066194,30.025951,0.375874
30.04753,0.06311799999999999,30.04753,0.364725
30.069109,0.060512,30.069109,0.353497
30.090687,0.058375,30.090687,0.342217
30.112266,0.056706,30.112266,0.330913
30.133845,0.055502,30.133845,0.319611
30.155423,0.054756,30.155423,0.308337
30.177002,0.054463,30.177002,0.297115
30.198581,0.054614,30.198581,0.285971
30.220159,0.055198,30.220159,0.274928
30.241738,0.056206,30.241738,0.264008
30.263317,0.057624,30.263317,0.253232
30.284896,0.059438,30.284896,0.242621
30.306474,0.061634,30.306474,0.232194
30.328053,0.064197,30.328053,0.221967
30.349632,0.067109,30.349632,0.211958
30.37121,0.070354,30.37121,0.202181
30.392789,0.07391300000000001,30.392789,0.19265
30.414368,0.077769,30.414368,0.183375
30.435946,0.081902,30.435946,0.174368
30.457525,0.086294,30.457525,0.165638
30.479104,0.09092600000000001,30.479104,0.157192
30.500682,0.095778,30.500682,0.149036
30.522261,0.100831,30.522261,0.141175
30.54384,0.106067,30.54384,0.133612
30.565418,0.111467,30.565418,0.126349
30.586997,0.117013,30.586997,0.119388
30.608576,0.122687,30.608576,0.112727
30.630154,0.128471,30.630154,0.106366
30.651733,0.13435,30.651733,0.100302
30.673312,0.140306,30.673312,0.094532
30.694891,0.146324,30.694891,0.08905100000000001
30.716469,0.15239,30.716469,0.083855
30.738048,0.158489,30.738048,0.07893699999999999
30.759627,0.164609,30.759627,0.074291
30.781205,0.170736,30.781205,0.069909
30.802784,0.176858,30.802784,0.065785
30.824363,0.182966,30.824363,0.061911
30.845941,0.189049,30.845941,0.058277
30.86752,0.195098,30.86752,0.054876
30.889099,0.201104,30.889099,0.051698
30.910677,0.207059,30.910677,0.048735
30.932256,0.212957,30.932256,0.045978
30.953835,0.218792,30.953835,0.043416
30.975413,0.224557,30.975413,0.041042
30.996992,0.230249,30.996992,0.038845
31.018571,0.235862,31.018571,0.036818
31.040149,0.241394,31.040149,0.034952
31.061728,0.246841,31.061728,0.033237
31.083307,0.252201,31.083307,0.031665
31.104886,0.257472,31.104886,0.030228
31.126464,0.262652,31.126464,0.028918
31.148043,0.267742,31.148043,0.027728
31.169622,0.272739,31.169622,0.02665
31.1912,0.277644,31.1912,0.025678
31.212779,0.282458,31.212779,0.024803
31.234358,0.287179,31.234358,0.024021
31.255936,0.291809,31.255936,0.023324
31.277515,0.296349,31.277515,0.022707
31.299094,0.300801,31.299094,0.022165
31.320672,0.305164,31.320672,0.021692
31.342251,0.309441,31.342251,0.021284
31.36383,0.313632,31.36383,0.020936
31.385408,0.317741,31.385408,0.020643
31.406987,0.321768,31.406987,0.020402
31.428566,0.325714,31.428566,0.020209
31.450145,0.329583,31.450145,0.020061
31.471723,0.333375,31.471723,0.019954
31.493302,0.337092,31.493302,0.019885
31.514881,0.340737,31.514881,0.019851
31.536459,0.34431,31.536459,0.01985
31.558038,0.347814,31.558038,0.01988
31.579617,0.35125,31.579617,0.019937
31.601195,0.35462,31.601195,0.02002
31.622774,0.357927,31.622774,0.020127
31.644353,0.36117,31.644353,0.020256
31.665931,0.364352,31.665931,0.020405
31.68751,0.367475,31.68751,0.020572
31.709089,0.370539,31.709089,0.020757
31.730667,0.373547,31.730667,0.020957
31.752246,0.376499,31.752246,0.021171
31.773825,0.379397,31.773825,0.021397
31.795403,0.382242,31.795403,0.021636
31.816982,0.385036,31.816982,0.021884
31.838561,0.38778,31.838561,0.022141
31.86014,0.390475,31.86014,0.022406
31.881718,0.393122,31.881718,0.022678
31.903297,0.395722,31.903297,0.022955
31.924876,0.398277,31.924876,0.023238
31.946454,0.400787,31.946454,0.023523
31.968033,0.403254,31.968033,0.023812
31.989612,0.405678,31.989612,0.024102
32.01119,0.408062,32.01119,0.024392
32.032769,0.410406,32.032769,0.024683
32.054348,0.412711,32.054348,0.024972
32.075926,0.414978,32.075926,0.02526
32.097505,0.417209,32.097505,0.025544
32.119084,0.419404,32.119084,0.025825
32.140662,0.421565,32.140662,0.026102
32.162241,0.423693,32.162241,0.026374
32.18382,0.425789,32.18382,0.026639
32.205399,0.427855,32.205399,0.026899
32.226977,0.429891,32.226977,0.027151
32.248556,0.431899,32.248556,0.027396
32.270135,0.433879,32.270135,0.027633
32.291713,0.435834,32.291713,0.027861
32.313292,0.437765,32.313292,0.028081
32.334871,0.439672,32.334871,0.028291
32.356449,0.441557,32.356449,0.028492
32.378028,0.443422,32.378028,0.028683
32.399607,0.445267,32.399607,0.028865
32.421185,0.447093,32.421185,0.029037
32.442764,0.448903,32.442764,0.029198
32.464343,0.450696,32.464343,0.02935
32.485921,0.452475,32.485921,0.029492
32.5075,0.45424,32.5075,0.029625
32.529079,0.455992,32.529079,0.029748
32.550657,0.457734,32.550657,0.029863
32.572236,0.459464,32.572236,0.029968
32.593815,0.461185,32.593815,0.030065
32.615394,0.462898,32.615394,0.030154
32.636972,0.464603,32.636972,0.030236
32.658551,0.466302,32.658551,0.03031
32.68013,0.467994,32.68013,0.030378
32.701708,0.469682,32.701708,0.030441
32.723287,0.471365,32.723287,0.030498
32.744866,0.473044,32.744866,0.03055
32.766444,0.47472,32.766444,0.030598
32.788023,0.476393,32.788023,0.030644
32.809602,0.478064,32.809602,0.030686
32.83118,0.479733,32.83118,0.030727
32.852759,0.4814,32.852759,0.030766
32.874338,0.483067,32.874338,0.030805
32.895916,0.484732,32.895916,0.030844
32.917495,0.486397,32.917495,0.030884
32.939074,0.488061,32.939074,0.030925
32.960652,0.489724,32.960652,0.030969
32.982231,0.491387,32.982231,0.031015
33.00381,0.493049,33.00381,0.031065
33.025389,0.49471,33.025389,0.031118
33.046967,0.496371,33.046967,0.031176
33.068546,0.498031,33.068546,0.031239
33.090125,0.49969,33.090125,0.031307
33.111703,0.501348,33.111703,0.031381
33.133282,0.503004,33.133282,0.031461
33.154861,0.5046580000000001,33.154861,0.031547
33.176439,0.506311,33.176439,0.031641
33.198018,0.507962,33.198018,0.031741
33.219597,0.50961,33.219597,0.031849
33.241175,0.511256,33.241175,0.031964
33.262754,0.512898,33.262754,0.032087
33.284333,0.5145380000000001,33.284333,0.032218
33.305911,0.516174,33.305911,0.032356
33.32749,0.517807,33.32749,0.032502
33.349069,0.519435,33.349069,0.032657
33.370648,0.52106,33.370648,0.032819
33.392226,0.522681,33.392226,0.032988
33.413805,0.524297,33.413805,0.033166
33.435384,0.525908,33.435384,0.033351
33.456962,0.527515,33.456962,0.033544
33.478541,0.529118,33.478541,0.033744
33.50012,0.530716,33.50012,0.033952
33.521698,0.532309,33.521698,0.034166
33.543277,0.533897,33.543277,0.034388
33.564856,0.535481,33.564856,0.034617
33.586434,0.53706,33.586434,0.034853
33.608013,0.538635,33.608013,0.035096
33.629592,0.540206,33.629592,0.035345
33.65117,0.541772,33.65117,0.035602
33.672749,0.543334,33.672749,0.035865
33.694328,0.544893,33.694328,0.036134
33.715906,0.546447,33.715906,0.036411
33.737485,0.547999,33.737485,0.036694
33.759064,0.549547,33.759064,0.036984
33.780643,0.551092,33.780643,0.037282
33.802221,0.552634,33.802221,0.037586
33.8238,0.5541740000000001,33.8238,0.037898
33.845379,0.555712,33.845379,0.038218
33.866957,0.557247,33.866957,0.038546
33.888536,0.5587800000000001,33.888536,0.038882
33.910115,0.560312,33.910115,0.039226
33.931693,0.561842,33.931693,0.03958
33.953272,0.563371,33.953272,0.039943
33.974851,0.564899,33.974851,0.040317
33.996429,0.566425,33.996429,0.0407
34.018008,0.56795,34.018008,0.041095
34.039587,0.569473,34.039587,0.041502
34.061165,0.5709959999999999,34.061165,0.04192
34.082744,0.572516,34.082744,0.042352
34.104323,0.574036,34.104323,0.042797
34.125901,0.575553,34.125901,0.043256
34.14748,0.577068,34.14748,0.043729
34.169059,0.578581,34.169059,0.044219
34.190638,0.580091,34.190638,0.044724
34.212216,0.581597,34.212216,0.045246
34.233795,0.5831,34.233795,0.045785
34.255374,0.584598,34.255374,0.046342
34.276952,0.5860919999999999,34.276952,0.046918
34.298531,0.587579,34.298531,0.047513
34.32011,0.58906,34.32011,0.048127
34.341688,0.590534,34.341688,0.048762
34.363267,0.5919990000000001,34.363267,0.049417
34.384846,0.593455,34.384846,0.050093
34.406424,0.594901,34.406424,0.050791
34.428003,0.5963349999999999,34.428003,0.05151
34.449582,0.597757,34.449582,0.052251
34.47116,0.599166,34.47116,0.053013
34.492739,0.60056,34.492739,0.053798
34.514318,0.601938,34.514318,0.054605
34.535897,0.603299,34.535897,0.055433
34.557475,0.604642,34.557475,0.056283
34.579054,0.605965,34.579054,0.057154
34.600633,0.607267,34.600633,0.058046
34.622211,0.6085469999999999,34.622211,0.058959
34.64379,0.609804,34.64379,0.059891
34.665369,0.611036,34.665369,0.060843
34.686947,0.612242,34.686947,0.061812
34.708526,0.613421,34.708526,0.06279999999999999
34.730105,0.614572,34.730105,0.063803
34.751683,0.615694,34.751683,0.064822
34.773262,0.616785,34.773262,0.065855
34.794841,0.6178439999999999,34.794841,0.066901
34.816419,0.618872,34.816419,0.06795900000000001
34.837998,0.619866,34.837998,0.06902700000000001
34.859577,0.620827,34.859577,0.070103
34.881155,0.621753,34.881155,0.071186
34.902734,0.622644,34.902734,0.072274
34.924313,0.623499,34.924313,0.073365
34.945892,0.624318,34.945892,0.074458
34.96747,0.625101,34.96747,0.07555099999999999
34.989049,0.625848,34.989049,0.076642
35.010628,0.626559,35.010628,0.07772900000000001
35.032206,0.627233,35.032206,0.078809
35.053785,0.627872,35.053785,0.07988199999999999
35.075364,0.628475,35.075364,0.080944
35.096942,0.629043,35.096942,0.081995
35.118521,0.629578,35.118521,0.08303199999999999
35.1401,0.6300789999999999,35.1401,0.084052
35.161678,0.630548,35.161678,0.08505500000000001
35.183257,0.630986,35.183257,0.086039
35.204836,0.631394,35.204836,0.087001
35.226414,0.631773,35.226414,0.08794100000000001
35.247993,0.632125,35.247993,0.088856
35.269572,0.632453,35.269572,0.08974500000000001
35.291151,0.632756,35.291151,0.09060600000000001
35.312729,0.633038,35.312729,0.09143900000000001
35.334308,0.633301,35.334308,0.09224300000000001
35.355887,0.633545,35.355887,0.093015
35.377465,0.6337739999999999,35.377465,0.09375699999999999
35.399044,0.6339900000000001,35.399044,0.09446599999999999
35.420623,0.634195,35.420623,0.095142
35.442201,0.634391,35.442201,0.095786
35.46378,0.63458,35.46378,0.096397
35.485359,0.6347660000000001,35.485359,0.096974
35.506937,0.634949,35.506937,0.09751899999999999
35.528516,0.635134,35.528516,0.09803099999999999
35.550095,0.635321,35.550095,0.098512
35.571673,0.635513,35.571673,0.09896099999999999
35.593252,0.6357120000000001,35.593252,0.09938
35.614831,0.635921,35.614831,0.09977
35.636409,0.636142,35.636409,0.100132
35.657988,0.6363760000000001,35.657988,0.100468
35.679567,0.636625,35.679567,0.100779
35.701146,0.636891,35.701146,0.101067
35.722724,0.637176,35.722724,0.101333
35.744303,0.637481,35.744303,0.10158
35.765882,0.637808,35.765882,0.10181
35.78746,0.638157,35.78746,0.102025
35.809039,0.638529,35.809039,0.102227
35.830618,0.638926,35.830618,0.102418
35.852196,0.639347,35.852196,0.102601
35.873775,0.639795,35.873775,0.102778
35.895354,0.640267,35.895354,0.102952
35.916932,0.6407659999999999,35.916932,0.103125
35.938511,0.641289,35.938511,0.1033
35.96009,0.641839,35.96009,0.103478
35.981668,0.642413,35.981668,0.103662
36.003247,0.643011,36.003247,0.103855
36.024826,0.643633,36.024826,0.104058
36.046404,0.644277,36.046404,0.104274
36.067983,0.644943,36.067983,0.104505
36.089562,0.645629,36.089562,0.104752
36.111141,0.646334,36.111141,0.105018
36.132719,0.647056,36.132719,0.105304
36.154298,0.647793,36.154298,0.105612
36.175877,0.648545,36.175877,0.105943
36.197455,0.6493100000000001,36.197455,0.106298
36.219034,0.650085,36.219034,0.106679
36.240613,0.650868,36.240613,0.107086
36.262191,0.651658,36.262191,0.107521
36.28377,0.6524529999999999,36.28377,0.107984
36.305349,0.653251,36.305349,0.108475
36.326927,0.65405,36.326927,0.108995
36.348506,0.654847,36.348506,0.109543
36.370085,0.6556419999999999,36.370085,0.110121
36.391663,0.656431,36.391663,0.110728
36.413242,0.657213,36.413242,0.111364
36.434821,0.657987,36.434821,0.112028
36.4564,0.6587499999999999,36.4564,0.112719
36.477978,0.659501,36.477978,0.113439
36.499557,0.660238,36.499557,0.114185
36.521136,0.660959,36.521136,0.114956
36.542714,0.661664,36.542714,0.115753
36.564293,0.66235,36.564293,0.116574
36.585872,0.663016,36.585872,0.117417
36.60745,0.6636609999999999,36.60745,0.118283
36.629029,0.664284,36.629029,0.119169
36.650608,0.664883,36.650608,0.120075
36.672186,0.665459,36.672186,0.120999
36.693765,0.666009,36.693765,0.12194
36.715344,0.666533,36.715344,0.122896
36.736922,0.667031,36.736922,0.123867
36.758501,0.667501,36.758501,0.12485
36.78008,0.667943,36.78008,0.125845
36.801658,0.668358,36.801658,0.12685
36.823237,0.668744,36.823237,0.127864
36.844816,0.6691,36.844816,0.128885
36.866395,0.669428,36.866395,0.129912
36.887973,0.669727,36.887973,0.130944
36.909552,0.669997,36.909552,0.131979
36.931131,0.670238,36.931131,0.133015
36.952709,0.67045,36.952709,0.134053
36.974288,0.670633,36.974288,0.135089
36.995867,0.6707880000000001,36.995867,0.136124
37.017445,0.670915,37.017445,0.137155
37.039024,0.671014,37.039024,0.138182
37.060603,0.671086,37.060603,0.139204
37.082181,0.671131,37.082181,0.140219
37.10376,0.6711510000000001,37.10376,0.141227
37.125339,0.671145,37.125339,0.142227
37.146917,0.671114,37.146917,0.143217
37.168496,0.671059,37.168496,0.144197
37.190075,0.670981,37.190075,0.145166
37.211653,0.6708809999999999,37.211653,0.146123
37.233232,0.67076,37.233232,0.147068
37.254811,0.670617,37.254811,0.148001
37.27639,0.670455,37.27639,0.14892
37.297968,0.670275,37.297968,0.149825
37.319547,0.670076,37.319547,0.150716
37.341126,0.66986,37.341126,0.151593
37.362704,0.669628,37.362704,0.152456
37.384283,0.669381,37.384283,0.153304
37.405862,0.66912,37.405862,0.154138
37.42744,0.668845,37.42744,0.154957
37.449019,0.668557,37.449019,0.155762
37.470598,0.668258,37.470598,0.156553
37.492176,0.667947,37.492176,0.157331
37.513755,0.6676260000000001,37.513755,0.158095
37.535334,0.667295,37.535334,0.158846
37.556912,0.666954,37.556912,0.159584
37.578491,0.666604,37.578491,0.160311
37.60007,0.666246,37.60007,0.161026
37.621649,0.665879,37.621649,0.16173
37.643227,0.665504,37.643227,0.162424
37.664806,0.665121,37.664806,0.163108
37.686385,0.66473,37.686385,0.163782
37.707963,0.664331,37.707963,0.164448
37.729542,0.663924,37.729542,0.165106
37.751121,0.663509,37.751121,0.165755
37.772699,0.663085,37.772699,0.166397
37.794278,0.662652,37.794278,0.167032
37.815857,0.662211,37.815857,0.16766
37.837435,0.661759,37.837435,0.168281
37.859014,0.6612980000000001,37.859014,0.168896
37.880593,0.660826,37.880593,0.169505
37.902171,0.660344,37.902171,0.170107
37.92375,0.659849,37.92375,0.170702
37.945329,0.659343,37.945329,0.171291
37.966907,0.658825,37.966907,0.171873
37.988486,0.658293,37.988486,0.172447
38.010065,0.657748,38.010065,0.173014
38.031644,0.657189,38.031644,0.173572
38.053222,0.656617,38.053222,0.174121
38.074801,0.65603,38.074801,0.17466
38.09638,0.655429,38.09638,0.175189
38.117958,0.654813,38.117958,0.175707
38.139537,0.654182,38.139537,0.176213
38.161116,0.653537,38.161116,0.176706
38.182694,0.652877,38.182694,0.177186
38.204273,0.652204,38.204273,0.177651
38.225852,0.651517,38.225852,0.178101
38.24743,0.650816,38.24743,0.178535
38.269009,0.650102,38.269009,0.178953
38.290588,0.649377,38.290588,0.179353
38.312166,0.648639,38.312166,0.179735
38.333745,0.647891,38.333745,0.180098
38.355324,0.647133,38.355324,0.180443
38.376903,0.646366,38.376903,0.180768
38.398481,0.645591,38.398481,0.181073
38.42006,0.644808,38.42006,0.181359
38.441639,0.644018,38.441639,0.181625
38.463217,0.643223,38.463217,0.181871
38.484796,0.642423,38.484796,0.182098
38.506375,0.6416190000000001,38.506375,0.182305
38.527953,0.640812,38.527953,0.182493
38.549532,0.640003,38.549532,0.182662
38.571111,0.639192,38.571111,0.182813
38.592689,0.638379,38.592689,0.182947
38.614268,0.637567,38.614268,0.183064
38.635847,0.636753,38.635847,0.183165
38.657425,0.635941,38.657425,0.183251
38.679004,0.635128,38.679004,0.183322
38.700583,0.634316,38.700583,0.18338
38.722161,0.633504,38.722161,0.183424
38.74374,0.632692,38.74374,0.183457
38.765319,0.631879,38.765319,0.183478
38.786898,0.631067,38.786898,0.183488
38.808476,0.630253,38.808476,0.183488
38.830055,0.629437,38.830055,0.183479
38.851634,0.628619,38.851634,0.18346
38.873212,0.627798,38.873212,0.183433
38.894791,0.626972,38.894791,0.183397
38.91637,0.626142,38.91637,0.183352
38.937948,0.625306,38.937948,0.183299
38.959527,0.624463,38.959527,0.183236
38.981106,0.623613,38.981106,0.183164
39.002684,0.622754,39.002684,0.183083
39.024263,0.621885,39.024263,0.182991
39.045842,0.621005,39.045842,0.182887
39.06742,0.620115,39.06742,0.182771
39.088999,0.619213,39.088999,0.182641
39.110578,0.618298,39.110578,0.182496
39.132156,0.61737,39.132156,0.182335
39.153735,0.616429,39.153735,0.182156
39.175314,0.615474,39.175314,0.181958
39.196893,0.614506,39.196893,0.181738
39.218471,0.613525,39.218471,0.181495
39.24005,0.61253,39.24005,0.181227
39.261629,0.611523,39.261629,0.180933
39.283207,0.610505,39.283207,0.18061
39.304786,0.609476,39.304786,0.180256
39.326365,0.608437,39.326365,0.179871
39.347943,0.607389,39.347943,0.179451
39.369522,0.606335,39.369522,0.178995
39.391101,0.605276,39.391101,0.178503
39.412679,0.604214,39.412679,0.177971
39.434258,0.603151,39.434258,0.1774
39.455837,0.602089,39.455837,0.176787
39.477415,0.60103,39.477415,0.176133
39.498994,0.599977,39.498994,0.175435
39.520573,0.598933,39.520573,0.174695
39.542152,0.597901,39.542152,0.17391
39.56373,0.596882,39.56373,0.173082
39.585309,0.59588,39.585309,0.17221
39.606888,0.594898,39.606888,0.171294
39.628466,0.593939,39.628466,0.170337
39.650045,0.593004,39.650045,0.169337
39.671624,0.592098,39.671624,0.168298
39.693202,0.5912230000000001,39.693202,0.167219
39.714781,0.590381,39.714781,0.166103
39.73636,0.589575,39.73636,0.164951
39.757938,0.588807,39.757938,0.163766
39.779517,0.58808,39.779517,0.162551
39.801096,0.587395,39.801096,0.161307
39.822674,0.586754,39.822674,0.160037
39.844253,0.586159,39.844253,0.158745
39.865832,0.585611,39.865832,0.157433
39.88741,0.585112,39.88741,0.156105
39.908989,0.584661,39.908989,0.154763
39.930568,0.58426,39.930568,0.153411
39.952147,0.58391,39.952147,0.152053
39.973725,0.583609,39.973725,0.150692
39.995304,0.583358,39.995304,0.149331
40.016883,0.583157,40.016883,0.147974
40.038461,0.583004,40.038461,0.146624
40.06004,0.5828989999999999,40.06004,0.145284
40.081619,0.58284,40.081619,0.143957
40.103197,0.582826,40.103197,0.142647
40.124776,0.582855,40.124776,0.141356
40.146355,0.5829260000000001,40.146355,0.140087
40.167933,0.583035,40.167933,0.138842
40.189512,0.5831809999999999,40.189512,0.137624
40.211091,0.583361,40.211091,0.136434
40.232669,0.583573,40.232669,0.135275
40.254248,0.583813,40.254248,0.134148
40.275827,0.58408,40.275827,0.133054
40.297405,0.584369,40.297405,0.131994
40.318984,0.5846789999999999,40.318984,0.13097
40.340563,0.5850070000000001,40.340563,0.129981
40.362142,0.585348,40.362142,0.129028
40.38372,0.585701,40.38372,0.128111
40.405299,0.586063,40.405299,0.12723
40.426878,0.58643,40.426878,0.126384
40.448456,0.586801,40.448456,0.125572
40.470035,0.5871729999999999,40.470035,0.124794
40.491614,0.587542,40.491614,0.124048
40.513192,0.587908,40.513192,0.123333
40.534771,0.588267,40.534771,0.122648
40.55635,0.588618,40.55635,0.12199
40.577928,0.58896,40.577928,0.121358
40.599507,0.589291,40.599507,0.12075
40.621086,0.589609,40.621086,0.120165
40.642664,0.589913,40.642664,0.119599
40.664243,0.590203,40.664243,0.119052
40.685822,0.5904779999999999,40.685822,0.11852
40.707401,0.590737,40.707401,0.118003
40.728979,0.590981,40.728979,0.117497
40.750558,0.591209,40.750558,0.117002
40.772137,0.591421,40.772137,0.116514
40.793715,0.591618,40.793715,0.116033
40.815294,0.5918,40.815294,0.115557
40.836873,0.591967,40.836873,0.115084
40.858451,0.592121,40.858451,0.114613
40.88003,0.592263,40.88003,0.114142
40.901609,0.592392,40.901609,0.113671
40.923187,0.592511,40.923187,0.113199
40.944766,0.59262,40.944766,0.112724
40.966345,0.59272,40.966345,0.112247
40.987923,0.592813,40.987923,0.111767
41.009502,0.592899,41.009502,0.111284
41.031081,0.592979,41.031081,0.110798
41.052659,0.593054,41.052659,0.110309
41.074238,0.593126,41.074238,0.109817
41.095817,0.593195,41.095817,0.109323
41.117396,0.593261,41.117396,0.108827
41.138974,0.593325,41.138974,0.10833
41.160553,0.593387,41.160553,0.107833
41.182132,0.593449,41.182132,0.107336
41.20371,0.593509,41.20371,0.106841
41.225289,0.593567,41.225289,0.106348
41.246868,0.593625,41.246868,0.105858
41.268446,0.59368,41.268446,0.105372
41.290025,0.593733,41.290025,0.10489
41.311604,0.593782,41.311604,0.104414
41.333182,0.593827,41.333182,0.103945
41.354761,0.593868,41.354761,0.103482
41.37634,0.593902,41.37634,0.103026
41.397918,0.593928,41.397918,0.102578
41.419497,0.593946,41.419497,0.102137
41.441076,0.593953,41.441076,0.101704
41.462655,0.5939489999999999,41.462655,0.101279
41.484233,0.593931,41.484233,0.10086
41.505812,0.593898,41.505812,0.100448
41.527391,0.593849,41.527391,0.100041
41.548969,0.593782,41.548969,0.099638
41.570548,0.593695,41.570548,0.09923899999999999
41.592127,0.593588,41.592127,0.098842
41.613705,0.593458,41.613705,0.098444
41.635284,0.593305,41.635284,0.09804499999999999
41.656863,0.593128,41.656863,0.09764200000000001
41.678441,0.592925,41.678441,0.097233
41.70002,0.592697,41.70002,0.096815
41.721599,0.592442,41.721599,0.096387
41.743177,0.59216,41.743177,0.095945
41.764756,0.591851,41.764756,0.095487
41.786335,0.591516,41.786335,0.095009
41.807913,0.591155,41.807913,0.09451
41.829492,0.590768,41.829492,0.093986
41.851071,0.590357,41.851071,0.093434
41.87265,0.5899219999999999,41.87265,0.092852
41.894228,0.589466,41.894228,0.092236
41.915807,0.588989,41.915807,0.091585
41.937386,0.588495,41.937386,0.090895
41.958964,0.587985,41.958964,0.09016299999999999
41.980543,0.587462,41.980543,0.089389
42.002122,0.586928,42.002122,0.08856899999999999
42.0237,0.586387,42.0237,0.087703
42.045279,0.5858409999999999,42.045279,0.086787
42.066858,0.585294,42.066858,0.08582099999999999
42.088436,0.58475,42.088436,0.084804
42.110015,0.584211,42.110015,0.083735
42.131594,0.583682,42.131594,0.08261300000000001
42.153172,0.583166,42.153172,0.081438
42.174751,0.582667,42.174751,0.080211
42.19633,0.582188,42.19633,0.078931
42.217908,0.581735,42.217908,0.077599
42.239487,0.581309,42.239487,0.07621699999999999
42.261066,0.580915,42.261066,0.07478600000000001
42.282645,0.580556,42.282645,0.073308
42.304223,0.580236,42.304223,0.071783
42.325802,0.579958,42.325802,0.070216
42.347381,0.579726,42.347381,0.068608
42.368959,0.579541,42.368959,0.06696100000000001
42.390538,0.579406,42.390538,0.06528
42.412117,0.579325,42.412117,0.063568
42.433695,0.579299,42.433695,0.061827
42.455274,0.579329,42.455274,0.060061
42.476853,0.579419,42.476853,0.058274
42.498431,0.579568,42.498431,0.05647
42.52001,0.579778,42.52001,0.054654
42.541589,0.58005,42.541589,0.052828
42.563167,0.580383,42.563167,0.050996
42.584746,0.580778,42.584746,0.049164
42.606325,0.5812349999999999,42.606325,0.047335
42.627904,0.581753,42.627904,0.045512
42.649482,0.582331,42.649482,0.043701
42.671061,0.582968,42.671061,0.041904
42.69264,0.583663,42.69264,0.040125
42.714218,0.584412,42.714218,0.038368
42.735797,0.585215,42.735797,0.036636
42.757376,0.586069,42.757376,0.034933
42.778954,0.58697,42.778954,0.033261
42.800533,0.587917,42.800533,0.031623
42.822112,0.588906,42.822112,0.030023
42.84369,0.589932,42.84369,0.028461
42.865269,0.590992,42.865269,0.026941
42.886848,0.592082,42.886848,0.025464
42.908426,0.593195,42.908426,0.024032
42.930005,0.594327,42.930005,0.022647
42.951584,0.595471,42.951584,0.021309
42.973162,0.596617,42.973162,0.02002
42.994741,0.597756,42.994741,0.01878
43.01632,0.598874,43.01632,0.017589
43.037899,0.599951,43.037899,0.016449
43.059477,0.600957,43.059477,0.015359
43.081056,0.601839,43.081056,0.014319
43.102635,0.602492,43.102635,0.013328
43.124213,0.60265,43.124213,0.012386
43.145792,0.601218,43.145792,0.011493
