0.01,8.771953,0.01,0.000735
0.036128,8.772557000000001,0.036128,0.000904
0.062256,8.774671,0.062256,0.001113
0.088384,8.7781,0.088384,0.001365
0.114512,8.782807999999999,0.114512,0.001662
0.14064,8.788795,0.14064,0.002017
0.166768,8.796059,0.166768,0.002454
0.192896,8.804613,0.192896,0.002967
0.219024,8.81448,0.219024,0.003582
0.245152,8.825678999999999,0.245152,0.004317
0.27128,8.838232,0.27128,0.005192
0.297408,8.852169,0.297408,0.006224
0.323536,8.86753,0.323536,0.007431
0.349664,8.884339000000001,0.349664,0.008881999999999999
0.375792,8.902633,0.375792,0.010562
0.40192,8.922461,0.40192,0.012524
0.428048,8.943861999999999,0.428048,0.014825
0.454176,8.966882,0.454176,0.017495
0.480304,8.991569999999999,0.480304,0.020597
0.506432,9.017972,0.506432,0.024193
0.53256,9.046137,0.53256,0.028346
0.558688,9.076116000000001,0.558688,0.03313
0.584816,9.107962000000001,0.584816,0.038627
0.610944,9.141723000000001,0.610944,0.044932
0.637072,9.177447000000001,0.637072,0.052143
0.6632,9.215183,0.6632,0.060365
0.6893280000000001,9.254975,0.6893280000000001,0.069719
0.715457,9.296865,0.715457,0.080336
0.741585,9.340888,0.741585,0.092352
0.767713,9.387074999999999,0.767713,0.105918
0.793841,9.435452,0.793841,0.121197
0.8199689999999999,9.486031000000001,0.8199689999999999,0.138358
0.846097,9.538822,0.846097,0.157584
0.872225,9.593819,0.872225,0.179076
0.898353,9.651002999999999,0.898353,0.203026
0.924481,9.710348,0.924481,0.229653
0.950609,9.771808999999999,0.950609,0.259181
0.976737,9.835322,0.976737,0.291842
1.002865,9.90081,1.002865,0.327875
1.028993,9.968171,1.028993,0.367525
1.055121,10.037284,1.055121,0.411043
1.081249,10.108007,1.081249,0.458682
1.107377,10.180174,1.107377,0.5107
1.133505,10.253592,1.133505,0.567347
1.159633,10.328042,1.159633,0.628879
1.185761,10.403281,1.185761,0.695538
1.211889,10.479037,1.211889,0.7675650000000001
1.238017,10.555011,1.238017,0.845186
1.264145,10.630876,1.264145,0.928613
1.290273,10.706277,1.290273,1.018045
1.316401,10.78083,1.316401,1.113656
1.342529,10.85413,1.342529,1.215599
1.368657,10.92574,1.368657,1.324
1.394785,10.995205,1.394785,1.438952
1.420913,11.062045,1.420913,1.560522
1.447041,11.125762,1.447041,1.68873
1.473169,11.185841,1.473169,1.823565
1.499297,11.241751,1.499297,1.96497
1.525425,11.292955,1.525425,2.112843
1.551553,11.338905,1.551553,2.267037
1.577681,11.379054,1.577681,2.427351
1.603809,11.412853,1.603809,2.593536
1.629937,11.439765,1.629937,2.765292
1.656065,11.459259,1.656065,2.942265
1.682193,11.470824,1.682193,3.124049
1.708321,11.473967,1.708321,3.310184
1.734449,11.468225,1.734449,3.500159
1.760577,11.453165,1.760577,3.693413
1.786705,11.428392,1.786705,3.889338
1.812833,11.393553,1.812833,4.08728
1.838961,11.34834,1.838961,4.286541
1.865089,11.2925,1.865089,4.486386
1.891217,11.225836,1.891217,4.686048
1.917345,11.148207,1.917345,4.88473
1.943473,11.059536,1.943473,5.08161
1.969601,10.959815,1.969601,5.275851
1.995729,10.849102,1.995729,5.466603
2.021857,10.727527,2.021857,5.653012
2.047985,10.595287,2.047985,5.834226
2.074113,10.452656,2.074113,6.0094
2.100242,10.299977,2.100242,6.177708
2.12637,10.137665,2.12637,6.338347
2.152498,9.966200000000001,2.152498,6.490543
2.178626,9.786133,2.178626,6.633561
2.204754,9.598074,2.204754,6.766708
2.230882,9.402696000000001,2.230882,6.889343
2.25701,9.200723999999999,2.25701,7.000881
2.283138,8.992934,2.283138,7.100799
2.309266,8.780148000000001,2.309266,7.188641
2.335394,8.563219999999999,2.335394,7.264021
2.361522,8.34304,2.361522,7.326631
2.38765,8.120524,2.38765,7.376235
2.413778,7.896601,2.413778,7.412685
2.439906,7.672211,2.439906,7.43591
2.466034,7.448297,2.466034,7.445919
2.492162,7.225794,2.492162,7.442807
2.51829,7.005628,2.51829,7.426747
2.544418,6.788703,2.544418,7.397994
2.570546,6.575896,2.570546,7.356876
2.596674,6.368048,2.596674,7.303799
2.622802,6.165961,2.622802,7.239232
2.64893,5.97039,2.64893,7.163712
2.675058,5.782039,2.675058,7.077834
2.701186,5.601556,2.701186,6.982245
2.727314,5.429526,2.727314,6.877643
2.753442,5.266471,2.753442,6.76476
2.77957,5.11285,2.77957,6.644364
2.805698,4.969047,2.805698,6.517254
2.831826,4.83538,2.831826,6.384242
2.857954,4.712096,2.857954,6.246155
2.884082,4.599371,2.884082,6.103825
2.91021,4.497311,2.91021,5.958082
2.936338,4.405956,2.936338,5.809745
2.962466,4.325279,2.962466,5.65962
2.988594,4.255194,2.988594,5.508493
3.014722,4.195551,3.014722,5.357121
3.04085,4.14615,3.04085,5.206233
3.066978,4.106737,3.066978,5.05652
3.093106,4.077011,3.093106,4.908634
3.119234,4.05663,3.119234,4.763186
3.145362,4.045218,3.145362,4.620738
3.17149,4.042366,3.17149,4.481805
3.197618,4.047638,3.197618,4.346859
3.223746,4.060579,3.223746,4.216316
3.249874,4.080718,3.249874,4.090544
3.276002,4.107574,3.276002,3.969865
3.30213,4.140657,3.30213,3.854551
3.328258,4.179479,3.328258,3.744826
3.354386,4.223552,3.354386,3.640872
3.380514,4.272396,3.380514,3.542824
3.406642,4.325541,3.406642,3.450785
3.43277,4.382527,3.43277,3.364815
3.458898,4.442911,3.458898,3.28494
3.485027,4.506268,3.485027,3.211158
3.511155,4.57219,3.511155,3.143439
3.537283,4.640292,3.537283,3.081729
3.563411,4.710207,3.563411,3.025951
3.589539,4.78159,3.589539,2.976013
3.615667,4.85412,3.615667,2.931809
3.641795,4.927495,3.641795,2.89322
3.667923,5.001433,3.667923,2.860117
3.694051,5.075673,3.694051,2.832366
3.720179,5.149972,3.720179,2.809829
3.746307,5.224106,3.746307,2.792361
3.772435,5.297865,3.772435,2.779826
3.798563,5.371054,3.798563,2.772081
3.824691,5.443491,3.824691,2.768984
3.850819,5.515003,3.850819,2.770396
3.876947,5.585433,3.876947,2.776182
3.903075,5.654628,3.903075,2.786211
3.929203,5.72244,3.929203,2.80035
3.955331,5.78873,3.955331,2.818472
3.981459,5.853362,3.981459,2.840448
4.007587,5.916205,4.007587,2.866152
4.033715,5.97713,4.033715,2.895458
4.059843,6.03601,4.059843,2.928239
4.085971,6.092722,4.085971,2.96436
4.112099,6.147144,4.112099,3.003699
4.138227,6.199154,4.138227,3.046112
4.164355,6.248633,4.164355,3.09146
4.190483,6.295476,4.190483,3.13958
4.216611,6.33957,4.216611,3.190352
4.242739,6.3808,4.242739,3.243597
4.268867,6.419068,4.268867,3.299148
4.294995,6.454282,4.294995,3.356821
4.321123,6.486357,4.321123,3.416446
4.347251,6.515209,4.347251,3.477826
4.373379,6.540778,4.373379,3.540744
4.399507,6.563011,4.399507,3.605026
4.425635,6.581855,4.425635,3.670448
4.451763,6.597279,4.451763,3.73679
4.477891,6.609266,4.477891,3.803832
4.504019,6.617811,4.504019,3.871353
4.530147,6.622956,4.530147,3.939066
4.556275,6.62473,4.556275,4.006875
4.582403,6.623149,4.582403,4.074486
4.608531,6.618288,4.608531,4.141685
4.634659,6.610226,4.634659,4.208264
4.660787,6.599058,4.660787,4.274014
4.686915,6.584899,4.686915,4.338728
4.713043,6.567878,4.713043,4.402238
4.739171,6.548131,4.739171,4.464361
4.765299,6.525812,4.765299,4.524936
4.791427,6.501088,4.791427,4.583824
4.817555,6.47413,4.817555,4.640897
4.843683,6.445113,4.843683,4.696051
4.869812,6.414234,4.869812,4.749158
4.89594,6.381687,4.89594,4.800195
4.922068,6.347652,4.922068,4.849081
4.948196,6.312333,4.948196,4.895769
4.974324,6.275921,4.974324,4.940257
5.000452,6.238606,5.000452,4.982534
5.02658,6.200576,5.02658,5.022614
5.052708,6.162011,5.052708,5.060538
5.078836,6.123082,5.078836,5.096349
5.104964,6.08395,5.104964,5.130114
5.131092,6.044767,5.131092,5.161902
5.15722,6.005677,5.15722,5.191805
5.183348,5.966805,5.183348,5.219922
5.209476,5.928264,5.209476,5.246357
5.235604,5.890156,5.235604,5.27122
5.261732,5.852569,5.261732,5.294629
5.28786,5.815575,5.28786,5.316707
5.313988,5.779231,5.313988,5.337569
5.340116,5.743586,5.340116,5.357341
5.366244,5.70867,5.366244,5.37614
5.392372,5.674506,5.392372,5.39408
5.4185,5.641102,5.4185,5.411279
5.444628,5.608456,5.444628,5.427837
5.470756,5.576556,5.470756,5.443856
5.496884,5.545385,5.496884,5.459425
5.523012,5.514917,5.523012,5.474627
5.54914,5.48512,5.54914,5.489542
5.575268,5.455957,5.575268,5.504231
5.601396,5.42739,5.601396,5.518754
5.627524,5.399378,5.627524,5.533157
5.653652,5.371878,5.653652,5.547482
5.67978,5.34485,5.67978,5.561759
5.705908,5.318253,5.705908,5.576014
5.732036,5.292049,5.732036,5.590261
5.758164,5.266205,5.758164,5.604515
5.784292,5.240689,5.784292,5.618779
5.81042,5.215475,5.81042,5.633054
5.836548,5.19054,5.836548,5.647339
5.862676,5.165869,5.862676,5.661628
5.888804,5.141451,5.888804,5.675915
5.914932,5.117279,5.914932,5.690194
5.94106,5.093352,5.94106,5.704458
5.967188,5.069673,5.967188,5.718704
5.993316,5.04625,5.993316,5.732927
6.019444,5.023095,6.019444,5.747127
6.045572,5.000225,6.045572,5.761308
6.0717,4.977658,6.0717,5.775478
6.097828,4.955414,6.097828,5.789652
6.123956,4.933517,6.123956,5.803845
6.150084,4.911986,6.150084,5.818083
6.176212,4.890848,6.176212,5.832392
6.20234,4.870122,6.20234,5.846808
6.228468,4.849831,6.228468,5.86137
6.254597,4.829992,6.254597,5.876124
6.280725,4.810619,6.280725,5.891123
6.306853,4.791726,6.306853,5.906419
6.332981,4.773317,6.332981,5.922075
6.359109,4.755395,6.359109,5.938155
6.385237,4.737957,6.385237,5.954728
6.411365,4.720991,6.411365,5.971862
6.437493,4.704483,6.437493,5.989636
6.463621,4.688408,6.463621,6.008121
6.489749,4.672737,6.489749,6.027395
6.515877,4.657432,6.515877,6.047534
6.542005,4.642447,6.542005,6.068616
6.568133,4.62773,6.568133,6.090717
6.594261,4.61322,6.594261,6.113912
6.620389,4.598848,6.620389,6.13827
6.646517,4.584539,6.646517,6.163861
6.672645,4.570209,6.672645,6.190747
6.698773,4.555768,6.698773,6.218991
6.724901,4.541117,6.724901,6.248646
6.751029,4.526153,6.751029,6.279762
6.777157,4.510763,6.777157,6.312377
6.803285,4.49483,6.803285,6.346529
6.829413,4.478231,6.829413,6.382242
6.855541,4.46084,6.855541,6.419533
6.881669,4.442523,6.881669,6.458411
6.907797,4.423146,6.907797,6.498875
6.933925,4.402567,6.933925,6.540914
6.960053,4.380645,6.960053,6.584502
6.986181,4.357236,6.986181,6.629608
7.012309,4.332195,7.012309,6.676184
7.038437,4.305377,7.038437,6.724175
7.064565,4.276639,7.064565,6.773509
7.090693,4.245837,7.090693,6.8241
7.116821,4.212835,7.116821,6.875856
7.142949,4.177497,7.142949,6.928668
7.169077,4.139692,7.169077,6.982417
7.195205,4.099297,7.195205,7.036966
7.221333,4.056196,7.221333,7.092172
7.247461,4.01028,7.247461,7.147876
7.273589,3.961452,7.273589,7.20391
7.299717,3.909622,7.299717,7.260095
7.325845,3.854716,7.325845,7.31624
7.351973,3.79667,7.351973,7.372145
7.378101,3.735435,7.378101,7.427604
7.404229,3.670977,7.404229,7.482401
7.430357,3.603278,7.430357,7.536318
7.456485,3.532334,7.456485,7.589128
7.482613,3.45816,7.482613,7.640607
7.508741,3.380786,7.508741,7.690523
7.534869,3.300261,7.534869,7.738646
7.560997,3.216653,7.560997,7.784746
7.587125,3.130047,7.587125,7.828601
7.613253,3.040546,7.613253,7.869988
7.639382,2.948269,7.639382,7.908694
7.66551,2.853354,7.66551,7.944516
7.691638,2.755954,7.691638,7.977257
7.717766,2.656237,7.717766,8.006733000000001
7.743894,2.554389,7.743894,8.032773000000001
7.770022,2.450603,7.770022,8.055223
7.79615,2.345091,7.79615,8.073938999999999
7.822278,2.23807,7.822278,8.088799
7.848406,2.129771,7.848406,8.099696
7.874534,2.02043,7.874534,8.106544
7.900662,1.910287,7.900662,8.109275999999999
7.92679,1.799588,7.92679,8.107841000000001
7.952918,1.688583,7.952918,8.102212
7.979046,1.57752,7.979046,8.092381
8.005174,1.466646,8.005174,8.078362
8.031302,1.356205,8.031302,8.060185000000001
8.05743,1.246435,8.05743,8.037901
8.083558,1.137569,8.083558,8.011578
8.109686,1.029831,8.109686,7.981302
8.135814,0.923436,8.135814,7.947178
8.161942,0.818587,8.161942,7.909321
8.18807,0.715476,8.18807,7.867864
8.214198,0.614282,8.214198,7.822952
8.240326,0.515169,8.240326,7.774737
8.266454,0.418287,8.266454,7.723388
8.292581999999999,0.32377,8.292581999999999,7.669071
8.318709999999999,0.231738,8.318709999999999,7.611963
8.344837999999999,0.142297,8.344837999999999,7.55225
8.370965999999999,0.055535,8.370965999999999,7.490115
8.397093999999999,-0.028476,8.397093999999999,7.425744
8.423222000000001,-0.109676,8.423222000000001,7.359319
8.449350000000001,-0.188019,8.449350000000001,7.291026
8.475478000000001,-0.263474,8.475478000000001,7.221045
8.501606000000001,-0.336023,8.501606000000001,7.149555
8.527734000000001,-0.405659,8.527734000000001,7.076726
8.553862000000001,-0.472387,8.553862000000001,7.002723
8.57999,-0.53622,8.57999,6.927706
8.606118,-0.597183,8.606118,6.851828
8.632246,-0.6553060000000001,8.632246,6.775231
8.658374,-0.710628,8.658374,6.698053
8.684502,-0.763193,8.684502,6.620424
8.71063,-0.813051,8.71063,6.542461
8.736758,-0.860254,8.736758,6.464279
8.762886,-0.90486,8.762886,6.385982
8.789014,-0.946926,8.789014,6.307665
8.815142,-0.986513,8.815142,6.229419
8.84127,-1.023684,8.84127,6.15133
8.867398,-1.0585,8.867398,6.073471
8.893526,-1.091025,8.893526,5.995915
8.919654,-1.121321,8.919654,5.918729
8.945781999999999,-1.14945,8.945781999999999,5.841968
8.971909999999999,-1.175473,8.971909999999999,5.765693
8.998039,-1.19945,8.998039,5.689953
9.024167,-1.22144,9.024167,5.614798
9.050295,-1.241503,9.050295,5.540275
9.076423,-1.259697,9.076423,5.466424
9.102551,-1.276078,9.102551,5.393284
9.128679,-1.290702,9.128679,5.320896
9.154807,-1.303626,9.154807,5.249292
9.180935,-1.314904,9.180935,5.178507
9.207063,-1.324593,9.207063,5.108572
9.233191,-1.332747,9.233191,5.039515
9.259319,-1.33942,9.259319,4.971366
9.285447,-1.344669,9.285447,4.904148
9.311574999999999,-1.348546,9.311574999999999,4.837882
9.337702999999999,-1.351107,9.337702999999999,4.772594
9.363830999999999,-1.352407,9.363830999999999,4.708302
9.389958999999999,-1.352501,9.389958999999999,4.645019
9.416086999999999,-1.351442,9.416086999999999,4.582759
9.442214999999999,-1.349285,9.442214999999999,4.521537
9.468343000000001,-1.346083,9.468343000000001,4.461359
9.494471000000001,-1.341891,9.494471000000001,4.402233
9.520599000000001,-1.336758,9.520599000000001,4.344161
9.546727000000001,-1.330739,9.546727000000001,4.287147
9.572855000000001,-1.323883,9.572855000000001,4.231186
9.598983,-1.316239,9.598983,4.176279
9.625111,-1.307855,9.625111,4.122414
9.651239,-1.298777,9.651239,4.069586
9.677367,-1.289049,9.677367,4.017784
9.703495,-1.278713,9.703495,3.966994
9.729623,-1.26781,9.729623,3.917201
9.755751,-1.256376,9.755751,3.868391
9.781879,-1.244448,9.781879,3.820548
9.808007,-1.23206,9.808007,3.773649
9.834135,-1.21924,9.834135,3.727681
9.860263,-1.206018,9.860263,3.682623
9.886391,-1.192423,9.886391,3.638454
9.912519,-1.178475,9.912519,3.595153
9.938647,-1.164198,9.938647,3.552703
9.964774999999999,-1.149612,9.964774999999999,3.511086
9.990902999999999,-1.134735,9.990902999999999,3.47028
10.017031,-1.119584,10.017031,3.430267
10.043159,-1.104173,10.043159,3.391032
10.069287,-1.088516,10.069287,3.352554
10.095415,-1.072625,10.095415,3.314821
10.121543,-1.05651,10.121543,3.277818
10.147671,-1.040182,10.147671,3.24153
10.173799,-1.023651,10.173799,3.205945
10.199927,-1.006925,10.199927,3.171052
10.226055,-0.990013,10.226055,3.136837
10.252183,-0.972923,10.252183,3.103293
10.278311,-0.955662,10.278311,3.070408
10.304439,-0.938239,10.304439,3.038175
10.330567,-0.920658,10.330567,3.006585
10.356695,-0.902929,10.356695,2.97563
10.382824,-0.885058,10.382824,2.945306
10.408952,-0.867054,10.408952,2.915606
10.43508,-0.848922,10.43508,2.886521
10.461208,-0.830671,10.461208,2.858046
10.487336,-0.812307,10.487336,2.830175
10.513464,-0.793837,10.513464,2.802906
10.539592,-0.77527,10.539592,2.776233
10.56572,-0.756613,10.56572,2.750149
10.591848,-0.737873,10.591848,2.72465
10.617976,-0.719056,10.617976,2.699732
10.644104,-0.700171,10.644104,2.67539
10.670232,-0.681225,10.670232,2.651619
10.69636,-0.662224,10.69636,2.628418
10.722488,-0.643176,10.722488,2.60578
10.748616,-0.624089,10.748616,2.583703
10.774744,-0.604969,10.774744,2.562185
10.800872,-0.585825,10.800872,2.54122
10.827,-0.5666639999999999,10.827,2.520808
10.853128,-0.547493,10.853128,2.500944
10.879256,-0.528321,10.879256,2.481629
10.905384,-0.509157,10.905384,2.46286
10.931512,-0.49001,10.931512,2.444635
10.95764,-0.470889,10.95764,2.42695
10.983768,-0.451805,10.983768,2.409806
11.009896,-0.432767,11.009896,2.393201
11.036024,-0.413788,11.036024,2.377134
11.062152,-0.39488,11.062152,2.361602
11.08828,-0.376056,11.08828,2.346601
11.114408,-0.357328,11.114408,2.332129
11.140536,-0.338713,11.140536,2.318184
11.166664,-0.320224,11.166664,2.304759
11.192792,-0.301876,11.192792,2.291849
11.21892,-0.283687,11.21892,2.279447
11.245048,-0.265672,11.245048,2.267546
11.271176,-0.247848,11.271176,2.256134
11.297304,-0.23023,11.297304,2.245203
11.323432,-0.212837,11.323432,2.234739
11.34956,-0.195683,11.34956,2.224729
11.375688,-0.178787,11.375688,2.215157
11.401816,-0.162161,11.401816,2.206005
11.427944,-0.145823,11.427944,2.197254
11.454072,-0.129783,11.454072,2.188883
11.4802,-0.114055,11.4802,2.180868
11.506328,-0.098648,11.506328,2.173188
11.532456,-0.08357199999999999,11.532456,2.165817
11.558584,-0.06883400000000001,11.558584,2.158728
11.584712,-0.054438,11.584712,2.151893
11.61084,-0.040388,11.61084,2.145288
11.636968,-0.026684,11.636968,2.138879
11.663096,-0.013325,11.663096,2.13264
11.689224,-0.000305,11.689224,2.12654
11.715352,0.012382,11.715352,2.120553
11.74148,0.024745,11.74148,2.114649
11.767609,0.036795,11.767609,2.1088
11.793737,0.048547,11.793737,2.10298
11.819865,0.060018,11.819865,2.097165
11.845993,0.071227,11.845993,2.091328
11.872121,0.082194,11.872121,2.085451
11.898249,0.092942,11.898249,2.079513
11.924377,0.103494,11.924377,2.073497
11.950505,0.113877,11.950505,2.067386
11.976633,0.124118,11.976633,2.06117
12.002761,0.134245,12.002761,2.054837
12.028889,0.144286,12.028889,2.048381
12.055017,0.154271,12.055017,2.0418
12.081145,0.164227,12.081145,2.035089
12.107273,0.174185,12.107273,2.028252
12.133401,0.184174,12.133401,2.021292
12.159529,0.19422,12.159529,2.014217
12.185657,0.204352,12.185657,2.007037
12.211785,0.214594,12.211785,1.999764
12.237913,0.224972,12.237913,1.992413
12.264041,0.235509,12.264041,1.985
12.290169,0.246224,12.290169,1.977544
12.316297,0.257139,12.316297,1.970068
12.342425,0.26827,12.342425,1.962591
12.368553,0.279632,12.368553,1.95514
12.394681,0.291237,12.394681,1.947737
12.420809,0.303097,12.420809,1.94041
12.446937,0.315218,12.446937,1.933186
12.473065,0.327607,12.473065,1.926089
12.499193,0.340268,12.499193,1.919149
12.525321,0.3532,12.525321,1.912392
12.551449,0.366403,12.551449,1.905846
12.577577,0.379872,12.577577,1.899537
12.603705,0.393603,12.603705,1.89349
12.629833,0.407586,12.629833,1.88773
12.655961,0.421813,12.655961,1.882283
12.682089,0.436271,12.682089,1.877169
12.708217,0.450948,12.708217,1.872413
12.734345,0.465829,12.734345,1.868033
12.760473,0.480897,12.760473,1.864047
12.786601,0.496135,12.786601,1.860475
12.812729,0.511524,12.812729,1.85733
12.838857,0.527047,12.838857,1.854626
12.864985,0.542682,12.864985,1.852377
12.891113,0.558409,12.891113,1.850592
12.917241,0.574207,12.917241,1.849279
12.943369,0.590055,12.943369,1.848447
12.969497,0.6059330000000001,12.969497,1.848099
12.995625,0.621818,12.995625,1.84824
13.021753,0.637691,13.021753,1.848871
13.047881,0.653531,13.047881,1.849994
13.074009,0.669319,13.074009,1.851608
13.100137,0.685033,13.100137,1.853711
13.126265,0.700657,13.126265,1.856299
13.152394,0.716171,13.152394,1.859369
13.178522,0.731559,13.178522,1.862915
13.20465,0.7468050000000001,13.20465,1.866931
13.230778,0.761893,13.230778,1.871412
13.256906,0.776809,13.256906,1.876349
13.283034,0.791538,13.283034,1.881737
13.309162,0.806069,13.309162,1.887566
13.33529,0.820388,13.33529,1.893831
13.361418,0.834486,13.361418,1.900522
13.387546,0.848351,13.387546,1.907633
13.413674,0.861973,13.413674,1.915155
13.439802,0.875344,13.439802,1.923083
13.46593,0.888453,13.46593,1.931408
13.492058,0.901292,13.492058,1.940125
13.518186,0.9138540000000001,13.518186,1.949228
13.544314,0.926129,13.544314,1.958711
13.570442,0.93811,13.570442,1.968568
13.59657,0.949787,13.59657,1.978796
13.622698,0.961151,13.622698,1.98939
13.648826,0.972194,13.648826,2.000346
13.674954,0.9829059999999999,13.674954,2.01166
13.701082,0.993276,13.701082,2.023327
13.72721,1.003293,13.72721,2.035345
13.753338,1.012946,13.753338,2.047708
13.779466,1.022223,13.779466,2.060414
13.805594,1.031109,13.805594,2.073455
13.831722,1.039592,13.831722,2.086828
13.85785,1.047656,13.85785,2.100527
13.883978,1.055286,13.883978,2.114542
13.910106,1.062467,13.910106,2.128867
13.936234,1.069181,13.936234,2.143491
13.962362,1.075411,13.962362,2.158404
13.98849,1.081142,13.98849,2.173592
14.014618,1.086354,14.014618,2.189042
14.040746,1.091032,14.040746,2.204736
14.066874,1.095157,14.066874,2.220657
14.093002,1.098715,14.093002,2.236786
14.11913,1.101689,14.11913,2.253099
14.145258,1.104063,14.145258,2.269575
14.171386,1.105824,14.171386,2.286187
14.197514,1.10696,14.197514,2.302906
14.223642,1.107459,14.223642,2.319704
14.24977,1.107312,14.24977,2.33655
14.275898,1.106513,14.275898,2.353412
14.302026,1.105055,14.302026,2.370255
14.328154,1.102937,14.328154,2.387043
14.354282,1.100156,14.354282,2.403742
14.38041,1.096717,14.38041,2.420311
14.406538,1.092625,14.406538,2.436716
14.432666,1.087887,14.432666,2.452917
14.458794,1.082514,14.458794,2.468876
14.484922,1.076521,14.484922,2.484555
14.51105,1.069925,14.51105,2.499917
14.537179,1.062747,14.537179,2.514924
14.563307,1.05501,14.563307,2.529541
14.589435,1.046742,14.589435,2.543735
14.615563,1.03797,14.615563,2.557472
14.641691,1.028729,14.641691,2.570724
14.667819,1.019052,14.667819,2.58346
14.693947,1.008978,14.693947,2.595656
14.720075,0.998546,14.720075,2.607289
14.746203,0.9878,14.746203,2.61834
14.772331,0.976782,14.772331,2.628793
14.798459,0.96554,14.798459,2.638633
14.824587,0.95412,14.824587,2.647853
14.850715,0.94257,14.850715,2.656448
14.876843,0.930941,14.876843,2.664417
14.902971,0.919282,14.902971,2.671762
14.929099,0.907643,14.929099,2.678491
14.955227,0.896074,14.955227,2.684618
14.981355,0.884624,14.981355,2.690157
15.007483,0.873341,15.007483,2.69513
15.033611,0.862272,15.033611,2.699561
15.059739,0.851463,15.059739,2.703482
15.085867,0.840957,15.085867,2.706924
15.111995,0.830794,15.111995,2.709928
15.138123,0.821012,15.138123,2.712535
15.164251,0.811646,15.164251,2.71479
15.190379,0.802727,15.190379,2.716743
15.216507,0.794282,15.216507,2.718446
15.242635,0.786334,15.242635,2.719956
15.268763,0.778902,15.268763,2.72133
15.294891,0.772,15.294891,2.72263
15.321019,0.765635,15.321019,2.723918
15.347147,0.759812,15.347147,2.725259
15.373275,0.7545269999999999,15.373275,2.726717
15.399403,0.7497740000000001,15.399403,2.728359
15.425531,0.745539,15.425531,2.73025
15.451659,0.741802,15.451659,2.732456
15.477787,0.738538,15.477787,2.735042
15.503915,0.735715,15.503915,2.738071
15.530043,0.733298,15.530043,2.741604
15.556171,0.7312419999999999,15.556171,2.745699
15.582299,0.729501,15.582299,2.750412
15.608427,0.72802,15.608427,2.755795
15.634555,0.7267400000000001,15.634555,2.761896
15.660683,0.725598,15.660683,2.768758
15.686811,0.724525,15.686811,2.776418
15.712939,0.723449,15.712939,2.784909
15.739067,0.722294,15.739067,2.794256
15.765195,0.720981,15.765195,2.80448
15.791323,0.719428,15.791323,2.815592
15.817451,0.717551,15.817451,2.827597
15.843579,0.715264,15.843579,2.840495
15.869707,0.7124819999999999,15.869707,2.854273
15.895835,0.709117,15.895835,2.868915
15.921964,0.705084,15.921964,2.884395
15.948092,0.700299,15.948092,2.900678
15.97422,0.694679,15.97422,2.917722
16.000348,0.688145,16.000348,2.935478
16.026476,0.6806179999999999,16.026476,2.953889
16.052604,0.672028,16.052604,2.972888
16.078732,0.662308,16.078732,2.992404
16.10486,0.651394,16.10486,3.012358
16.130988,0.639232,16.130988,3.032665
16.157116,0.625773,16.157116,3.053236
16.183244,0.610975,16.183244,3.073973
16.209372,0.594804,16.209372,3.094778
16.2355,0.5772350000000001,16.2355,3.115547
16.261628,0.55825,16.261628,3.136173
16.287756,0.53784,16.287756,3.156549
16.313884,0.516007,16.313884,3.176567
16.340012,0.49276,16.340012,3.196115
16.36614,0.468118,16.36614,3.215086
16.392268,0.442108,16.392268,3.233372
16.418396,0.414767,16.418396,3.25087
16.444524,0.386139,16.444524,3.267477
16.470652,0.356278,16.470652,3.283096
16.49678,0.325245,16.49678,3.297634
16.522908,0.293108,16.522908,3.311006
16.549036,0.259941,16.549036,3.323131
16.575164,0.225826,16.575164,3.333934
16.601292,0.190848,16.601292,3.343351
16.62742,0.155098,16.62742,3.351322
16.653548,0.11867,16.653548,3.357797
16.679676,0.081663,16.679676,3.362735
16.705804,0.044175,16.705804,3.366101
16.731932,0.006309,16.731932,3.367871
16.75806,-0.031835,16.75806,3.368029
16.784188,-0.07015399999999999,16.784188,3.366567
16.810316,-0.108549,16.810316,3.363487
16.836444,-0.146919,16.836444,3.358795
16.862572,-0.185168,16.862572,3.352509
16.8887,-0.223202,16.8887,3.344653
16.914828,-0.260932,16.914828,3.335256
16.940956,-0.29827,16.940956,3.324354
16.967084,-0.335135,16.967084,3.311991
16.993212,-0.37145,16.993212,3.298213
17.01934,-0.407141,17.01934,3.283072
17.045468,-0.442142,17.045468,3.266625
17.071596,-0.476392,17.071596,3.248929
17.097724,-0.509835,17.097724,3.230048
17.123852,-0.542419,17.123852,3.210046
17.14998,-0.5741000000000001,17.14998,3.188987
17.176108,-0.604837,17.176108,3.166939
17.202236,-0.634596,17.202236,3.14397
17.228364,-0.663348,17.228364,3.120148
17.254492,-0.691068,17.254492,3.095539
17.28062,-0.717735,17.28062,3.070211
17.306749,-0.7433340000000001,17.306749,3.04423
17.332877,-0.767852,17.332877,3.017662
17.359005,-0.791284,17.359005,2.990571
17.385133,-0.813623,17.385133,2.963018
17.411261,-0.834871,17.411261,2.935066
17.437389,-0.855028,17.437389,2.906771
17.463517,-0.874099,17.463517,2.878194
17.489645,-0.8920940000000001,17.489645,2.849387
17.515773,-0.909021,17.515773,2.820406
17.541901,-0.924893,17.541901,2.791302
17.568029,-0.939726,17.568029,2.762125
17.594157,-0.953534,17.594157,2.732923
17.620285,-0.966336,17.620285,2.703742
17.646413,-0.9781530000000001,17.646413,2.674627
17.672541,-0.989005,17.672541,2.64562
17.698669,-0.998916,17.698669,2.616761
17.724797,-1.00791,17.724797,2.588091
17.750925,-1.016012,17.750925,2.559645
17.777053,-1.02325,17.777053,2.53146
17.803181,-1.029652,17.803181,2.503569
17.829309,-1.035247,17.829309,2.476003
17.855437,-1.040066,17.855437,2.448792
17.881565,-1.04414,17.881565,2.421964
17.907693,-1.047502,17.907693,2.395545
17.933821,-1.050184,17.933821,2.369558
17.959949,-1.052221,17.959949,2.344025
17.986077,-1.053647,17.986077,2.318965
18.012205,-1.054497,18.012205,2.294396
18.038333,-1.054808,18.038333,2.270332
18.064461,-1.054614,18.064461,2.246787
18.090589,-1.053952,18.090589,2.22377
18.116717,-1.052857,18.116717,2.20129
18.142845,-1.051366,18.142845,2.179353
18.168973,-1.049513,18.168973,2.157962
18.195101,-1.047334,18.195101,2.137119
18.221229,-1.044863,18.221229,2.116823
18.247357,-1.042134,18.247357,2.09707
18.273485,-1.039178,18.273485,2.077856
18.299613,-1.036029,18.299613,2.059174
18.325741,-1.032715,18.325741,2.041016
18.351869,-1.029267,18.351869,2.02337
18.377997,-1.025711,18.377997,2.006224
18.404125,-1.022074,18.404125,1.989567
18.430253,-1.018381,18.430253,1.973381
18.456381,-1.014654,18.456381,1.957652
18.482509,-1.010914,18.482509,1.942364
18.508637,-1.007181,18.508637,1.927497
18.534765,-1.003473,18.534765,1.913034
18.560893,-0.999806,18.560893,1.898957
18.587021,-0.996194,18.587021,1.885246
18.613149,-0.992649,18.613149,1.871882
18.639277,-0.989182,18.639277,1.858846
18.665405,-0.985803,18.665405,1.846119
18.691534,-0.982518,18.691534,1.833681
18.717662,-0.979335,18.717662,1.821517
18.74379,-0.976259,18.74379,1.809606
18.769918,-0.973292,18.769918,1.797932
18.796046,-0.970437,18.796046,1.786478
18.822174,-0.967696,18.822174,1.775229
18.848302,-0.965069,18.848302,1.76417
18.87443,-0.962555,18.87443,1.753286
18.900558,-0.960154,18.900558,1.742566
18.926686,-0.957864,18.926686,1.731997
18.952814,-0.9556829999999999,18.952814,1.721566
18.978942,-0.953608,18.978942,1.711264
19.00507,-0.951637,19.00507,1.701082
19.031198,-0.949766,19.031198,1.69101
19.057326,-0.947994,19.057326,1.681042
19.083454,-0.946316,19.083454,1.67117
19.109582,-0.944731,19.109582,1.661386
19.13571,-0.943236,19.13571,1.651685
19.161838,-0.941828,19.161838,1.642061
19.187966,-0.940505,19.187966,1.63251
19.214094,-0.939264,19.214094,1.623027
19.240222,-0.938105,19.240222,1.613608
19.26635,-0.937025,19.26635,1.604248
19.292478,-0.936025,19.292478,1.594944
19.318606,-0.935103,19.318606,1.585692
19.344734,-0.934258,19.344734,1.576486
19.370862,-0.933491,19.370862,1.567325
19.39699,-0.932801,19.39699,1.558203
19.423118,-0.932188,19.423118,1.549115
19.449246,-0.931653,19.449246,1.540057
19.475374,-0.931196,19.475374,1.531024
19.501502,-0.930817,19.501502,1.52201
19.52763,-0.930515,19.52763,1.51301
19.553758,-0.930292,19.553758,1.504019
19.579886,-0.930146,19.579886,1.495027
19.606014,-0.930078,19.606014,1.486033
19.632142,-0.930086,19.632142,1.477024
19.65827,-0.930169,19.65827,1.467996
19.684398,-0.930324,19.684398,1.458941
19.710526,-0.93055,19.710526,1.449851
19.736654,-0.930843,19.736654,1.440719
19.762782,-0.9312,19.762782,1.431536
19.78891,-0.931617,19.78891,1.422296
19.815038,-0.9320889999999999,19.815038,1.41299
19.841166,-0.9326100000000001,19.841166,1.40361
19.867294,-0.9331739999999999,19.867294,1.39415
19.893422,-0.933775,19.893422,1.384604
19.91955,-0.934406,19.91955,1.374963
19.945678,-0.935057,19.945678,1.365223
19.971806,-0.9357220000000001,19.971806,1.355377
19.997934,-0.936389,19.997934,1.345421
20.024062,-0.937052,20.024062,1.335351
20.05019,-0.937698,20.05019,1.325162
20.076319,-0.938318,20.076319,1.314852
20.102447,-0.938902,20.102447,1.304419
20.128575,-0.939438,20.128575,1.293862
20.154703,-0.9399149999999999,20.154703,1.283179
20.180831,-0.940322,20.180831,1.272372
20.206959,-0.940647,20.206959,1.261442
20.233087,-0.94088,20.233087,1.250391
20.259215,-0.941009,20.259215,1.239223
20.285343,-0.941022,20.285343,1.22794
20.311471,-0.94091,20.311471,1.216549
20.337599,-0.940661,20.337599,1.205056
20.363727,-0.940266,20.363727,1.193466
20.389855,-0.939713,20.389855,1.181787
20.415983,-0.938995,20.415983,1.170029
20.442111,-0.938102,20.442111,1.1582
20.468239,-0.937026,20.468239,1.14631
20.494367,-0.935759,20.494367,1.13437
20.520495,-0.934295,20.520495,1.122392
20.546623,-0.932627,20.546623,1.110388
20.572751,-0.930751,20.572751,1.098371
20.598879,-0.928662,20.598879,1.086353
20.625007,-0.926356,20.625007,1.07435
20.651135,-0.923833,20.651135,1.062375
20.677263,-0.921089,20.677263,1.050444
20.703391,-0.918127,20.703391,1.038572
20.729519,-0.914946,20.729519,1.026773
20.755647,-0.91155,20.755647,1.015065
20.781775,-0.907942,20.781775,1.003461
20.807903,-0.904127,20.807903,0.991978
20.834031,-0.900112,20.834031,0.980631
20.860159,-0.895905,20.860159,0.969435
20.886287,-0.8915149999999999,20.886287,0.958405
20.912415,-0.886954,20.912415,0.947553
20.938543,-0.882232,20.938543,0.936895
20.964671,-0.877364,20.964671,0.926441
20.990799,-0.8723649999999999,20.990799,0.916204
21.016927,-0.867251,21.016927,0.906192
21.043055,-0.862038,21.043055,0.896414
21.069183,-0.856745,21.069183,0.8868780000000001
21.095311,-0.851392,21.095311,0.877589
21.121439,-0.845997,21.121439,0.868549
21.147567,-0.8405820000000001,21.147567,0.85976
21.173695,-0.835168,21.173695,0.851222
21.199823,-0.829775,21.199823,0.842932
21.225951,-0.824424,21.225951,0.834885
21.252079,-0.819136,21.252079,0.8270729999999999
21.278207,-0.813932,21.278207,0.819486
21.304335,-0.808831,21.304335,0.812114
21.330463,-0.803852,21.330463,0.80494
21.356591,-0.799011,21.356591,0.79795
21.382719,-0.7943249999999999,21.382719,0.791125
21.408847,-0.789808,21.408847,0.784443
21.434975,-0.78547,21.434975,0.777885
21.461104,-0.781323,21.461104,0.771425
21.487232,-0.777374,21.487232,0.765039
21.51336,-0.773627,21.51336,0.758702
21.539488,-0.770085,21.539488,0.752385
21.565616,-0.766747,21.565616,0.7460639999999999
21.591744,-0.763611,21.591744,0.73971
21.617872,-0.76067,21.617872,0.7332959999999999
21.644,-0.757914,21.644,0.726796
21.670128,-0.755332,21.670128,0.720185
21.696256,-0.7529090000000001,21.696256,0.713439
21.722384,-0.750628,21.722384,0.706534
21.748512,-0.7484690000000001,21.748512,0.699451
21.77464,-0.746411,21.77464,0.692171
21.800768,-0.744431,21.800768,0.684677
21.826896,-0.742502,21.826896,0.676957
21.853024,-0.7405969999999999,21.853024,0.668999
21.879152,-0.73869,21.879152,0.6607960000000001
21.90528,-0.736751,21.90528,0.652343
21.931408,-0.734751,21.931408,0.64364
21.957536,-0.732661,21.957536,0.634687
21.983664,-0.730452,21.983664,0.62549
22.009792,-0.728097,22.009792,0.616056
22.03592,-0.725567,22.03592,0.606398
22.062048,-0.722837,22.062048,0.596529
22.088176,-0.719882,22.088176,0.586466
22.114304,-0.716679,22.114304,0.576227
22.140432,-0.713208,22.140432,0.565835
22.16656,-0.70945,22.16656,0.555312
22.192688,-0.705389,22.192688,0.544685
22.218816,-0.7010110000000001,22.218816,0.533979
22.244944,-0.696306,22.244944,0.523223
22.271072,-0.691265,22.271072,0.512444
22.2972,-0.685883,22.2972,0.501673
22.323328,-0.680156,22.323328,0.490937
22.349456,-0.674086,22.349456,0.480267
22.375584,-0.667674,22.375584,0.469692
22.401712,-0.660926,22.401712,0.459239
22.42784,-0.653848,22.42784,0.448935
22.453968,-0.646451,22.453968,0.438809
22.480096,-0.638747,22.480096,0.428883
22.506224,-0.63075,22.506224,0.419183
22.532352,-0.622474,22.532352,0.409731
22.55848,-0.613938,22.55848,0.400546
22.584608,-0.60516,22.584608,0.391648
22.610736,-0.59616,22.610736,0.383053
22.636864,-0.586959,22.636864,0.374776
22.662992,-0.577579,22.662992,0.366831
22.68912,-0.568042,22.68912,0.359229
22.715248,-0.558372,22.715248,0.351979
22.741376,-0.548592,22.741376,0.345087
22.767504,-0.538725,22.767504,0.33856
22.793632,-0.528797,22.793632,0.3324
22.81976,-0.51883,22.81976,0.326609
22.845889,-0.508848,22.845889,0.321188
22.872017,-0.498875,22.872017,0.316134
22.898145,-0.488935,22.898145,0.311442
22.924273,-0.479048,22.924273,0.307109
22.950401,-0.469239,22.950401,0.303127
22.976529,-0.459528,22.976529,0.299487
23.002657,-0.449935,23.002657,0.29618
23.028785,-0.440482,23.028785,0.293194
23.054913,-0.431187,23.054913,0.290516
23.081041,-0.422068,23.081041,0.288132
23.107169,-0.413141,23.107169,0.286025
23.133297,-0.404424,23.133297,0.28418
23.159425,-0.39593,23.159425,0.282578
23.185553,-0.387673,23.185553,0.281201
23.211681,-0.379665,23.211681,0.280028
23.237809,-0.371915,23.237809,0.279038
23.263937,-0.364432,23.263937,0.27821
23.290065,-0.357224,23.290065,0.27752
23.316193,-0.350296,23.316193,0.276947
23.342321,-0.343651,23.342321,0.276466
23.368449,-0.337291,23.368449,0.276054
23.394577,-0.331216,23.394577,0.275688
23.420705,-0.325423,23.420705,0.275342
23.446833,-0.319908,23.446833,0.274995
23.472961,-0.314665,23.472961,0.274622
23.499089,-0.309687,23.499089,0.274202
23.525217,-0.304963,23.525217,0.273713
23.551345,-0.300481,23.551345,0.273133
23.577473,-0.296229,23.577473,0.272444
23.603601,-0.292191,23.603601,0.271627
23.629729,-0.288351,23.629729,0.270665
23.655857,-0.284691,23.655857,0.269545
23.681985,-0.281192,23.681985,0.268251
23.708113,-0.277834,23.708113,0.266773
23.734241,-0.274596,23.734241,0.265101
23.760369,-0.271456,23.760369,0.263229
23.786497,-0.268393,23.786497,0.26115
23.812625,-0.265384,23.812625,0.258863
23.838753,-0.262408,23.838753,0.256366
23.864881,-0.259441,23.864881,0.253662
23.891009,-0.256463,23.891009,0.250752
23.917137,-0.253453,23.917137,0.247644
23.943265,-0.250391,23.943265,0.244345
23.969393,-0.247257,23.969393,0.240863
23.995521,-0.244034,23.995521,0.237212
24.021649,-0.240705,24.021649,0.233402
24.047777,-0.237255,24.047777,0.229449
24.073905,-0.23367,24.073905,0.225367
24.100033,-0.229939,24.100033,0.221175
24.126161,-0.226052,24.126161,0.216886
24.152289,-0.221999,24.152289,0.212523
24.178417,-0.217776,24.178417,0.208102
24.204545,-0.213377,24.204545,0.203641
24.230674,-0.2088,24.230674,0.199161
24.256802,-0.204044,24.256802,0.194677
24.28293,-0.19911,24.28293,0.190209
24.309058,-0.194,24.309058,0.185775
24.335186,-0.188718,24.335186,0.181391
24.361314,-0.183269,24.361314,0.177074
24.387442,-0.177661,24.387442,0.172838
24.41357,-0.1719,24.41357,0.168698
24.439698,-0.165997,24.439698,0.164666
24.465826,-0.159962,24.465826,0.160754
24.491954,-0.153804,24.491954,0.156973
24.518082,-0.147535,24.518082,0.153332
24.54421,-0.141168,24.54421,0.149838
24.570338,-0.134714,24.570338,0.146499
24.596466,-0.128186,24.596466,0.143318
24.622594,-0.121596,24.622594,0.140301
24.648722,-0.114958,24.648722,0.137448
24.67485,-0.108283,24.67485,0.134763
24.700978,-0.101583,24.700978,0.132244
24.727106,-0.094872,24.727106,0.129891
24.753234,-0.088158,24.753234,0.127702
24.779362,-0.081455,24.779362,0.125674
24.80549,-0.07477200000000001,24.80549,0.123802
24.831618,-0.068118,24.831618,0.122083
24.857746,-0.061504,24.857746,0.120511
24.883874,-0.054936,24.883874,0.11908
24.910002,-0.048424,24.910002,0.117783
24.93613,-0.041973,24.93613,0.116613
24.962258,-0.035589,24.962258,0.115564
24.988386,-0.029279,24.988386,0.114627
25.014514,-0.023046,25.014514,0.113794
25.040642,-0.016894,25.040642,0.113058
25.06677,-0.010827,25.06677,0.11241
25.092898,-0.004847,25.092898,0.111843
25.119026,0.001046,25.119026,0.111347
25.145154,0.006849,25.145154,0.110916
25.171282,0.012562,25.171282,0.11054
25.19741,0.018186,25.19741,0.110213
25.223538,0.023723,25.223538,0.109927
25.249666,0.029173,25.249666,0.109675
25.275794,0.034538,25.275794,0.10945
25.301922,0.039821,25.301922,0.109245
25.32805,0.045026,25.32805,0.109054
25.354178,0.050154,25.354178,0.108872
25.380306,0.055211,25.380306,0.108692
25.406434,0.060201,25.406434,0.108511
25.432562,0.065127,25.432562,0.108323
25.45869,0.069995,25.45869,0.108124
25.484818,0.07481,25.484818,0.107912
25.510946,0.07957599999999999,25.510946,0.107682
25.537074,0.0843,25.537074,0.107432
25.563202,0.08898499999999999,25.563202,0.107159
25.58933,0.093639,25.58933,0.106863
25.615459,0.09826699999999999,25.615459,0.106541
25.641587,0.102873,25.641587,0.106193
25.667715,0.107465,25.667715,0.105818
25.693843,0.112047,25.693843,0.105416
25.719971,0.116626,25.719971,0.104989
25.746099,0.121206,25.746099,0.104536
25.772227,0.125794,25.772227,0.104059
25.798355,0.130394,25.798355,0.103561
25.824483,0.135012,25.824483,0.103042
25.850611,0.139653,25.850611,0.102506
25.876739,0.144322,25.876739,0.101955
25.902867,0.149023,25.902867,0.101393
25.928995,0.153761,25.928995,0.100823
25.955123,0.15854,25.955123,0.100249
25.981251,0.163365,25.981251,0.099676
26.007379,0.168238,26.007379,0.099109
26.033507,0.173164,26.033507,0.098551
26.059635,0.178146,26.059635,0.098009
26.085763,0.183187,26.085763,0.097487
26.111891,0.188288,26.111891,0.096993
26.138019,0.193453,26.138019,0.09653299999999999
26.164147,0.198683,26.164147,0.096111
26.190275,0.203978,26.190275,0.095735
26.216403,0.209341,26.216403,0.095412
26.242531,0.214772,26.242531,0.095148
26.268659,0.22027,26.268659,0.09495099999999999
26.294787,0.225836,26.294787,0.094828
26.320915,0.231468,26.320915,0.094786
26.347043,0.237165,26.347043,0.094833
26.373171,0.242925,26.373171,0.094976
26.399299,0.248745,26.399299,0.095223
26.425427,0.254623,26.425427,0.095581
26.451555,0.260554,26.451555,0.096058
26.477683,0.266534,26.477683,0.096661
26.503811,0.272559,26.503811,0.097396
26.529939,0.278622,26.529939,0.098272
26.556067,0.284718,26.556067,0.09929399999999999
26.582195,0.290841,26.582195,0.100469
26.608323,0.296982,26.608323,0.101802
26.634451,0.303134,26.634451,0.1033
26.660579,0.309288,26.660579,0.104966
26.686707,0.315437,26.686707,0.106806
26.712835,0.321571,26.712835,0.108823
26.738963,0.32768,26.738963,0.111021
26.765091,0.333753,26.765091,0.113402
26.791219,0.339782,26.791219,0.115967
26.817347,0.345755,26.817347,0.118717
26.843475,0.351661,26.843475,0.121654
26.869603,0.35749,26.869603,0.124775
26.895731,0.36323,26.895731,0.128079
26.921859,0.368871,26.921859,0.131564
26.947987,0.374402,26.947987,0.135227
26.974116,0.379812,26.974116,0.139063
27.000244,0.385091,27.000244,0.143067
27.026372,0.390229,27.026372,0.147233
27.0525,0.395215,27.0525,0.151554
27.078628,0.400042,27.078628,0.156023
27.104756,0.4047,27.104756,0.16063
27.130884,0.409181,27.130884,0.165368
27.157012,0.413478,27.157012,0.170225
27.18314,0.417586,27.18314,0.175192
27.209268,0.421497,27.209268,0.180258
27.235396,0.425207,27.235396,0.185411
27.261524,0.428713,27.261524,0.19064
27.287652,0.432012,27.287652,0.195932
27.31378,0.435101,27.31378,0.201275
27.339908,0.43798,27.339908,0.206657
27.366036,0.440648,27.366036,0.212066
27.392164,0.443107,27.392164,0.217489
27.418292,0.44536,27.418292,0.222914
27.44442,0.447408,27.44442,0.228329
27.470548,0.449256,27.470548,0.233724
27.496676,0.45091,27.496676,0.239087
27.522804,0.452374,27.522804,0.244407
27.548932,0.453656,27.548932,0.249676
27.57506,0.454764,27.57506,0.254885
27.601188,0.455704,27.601188,0.260025
27.627316,0.456486,27.627316,0.26509
27.653444,0.45712,27.653444,0.270073
27.679572,0.457614,27.679572,0.274969
27.7057,0.457979,27.7057,0.279774
27.731828,0.458224,27.731828,0.284485
27.757956,0.458361,27.757956,0.2891
27.784084,0.4584,27.784084,0.293619
27.810212,0.45835,27.810212,0.298041
27.83634,0.458222,27.83634,0.302368
27.862468,0.458025,27.862468,0.306604
27.888596,0.457769,27.888596,0.31075
27.914724,0.457463,27.914724,0.314813
27.940852,0.457114,27.940852,0.318797
27.96698,0.456731,27.96698,0.32271
27.993108,0.456319,27.993108,0.326558
28.019236,0.455885,28.019236,0.330349
28.045364,0.455434,28.045364,0.334093
28.071492,0.454968,28.071492,0.337798
28.09762,0.454491,28.09762,0.341475
28.123748,0.454004,28.123748,0.345133
28.149876,0.453508,28.149876,0.348783
28.176004,0.453002,28.176004,0.352435
28.202132,0.452484,28.202132,0.3561
28.22826,0.451951,28.22826,0.359788
28.254388,0.451398,28.254388,0.363509
28.280516,0.45082,28.280516,0.367274
28.306644,0.45021,28.306644,0.371091
28.332772,0.44956,28.332772,0.374969
28.358901,0.448861,28.358901,0.378916
28.385029,0.448103,28.385029,0.38294
28.411157,0.447275,28.411157,0.387048
28.437285,0.446364,28.437285,0.391243
28.463413,0.445359,28.463413,0.395531
28.489541,0.444245,28.489541,0.399916
28.515669,0.443009,28.515669,0.404397
28.541797,0.441635,28.541797,0.408977
28.567925,0.440108,28.567925,0.413654
28.594053,0.438413,28.594053,0.418426
28.620181,0.436534,28.620181,0.423289
28.646309,0.434454,28.646309,0.428237
28.672437,0.432157,28.672437,0.433263
28.698565,0.429629,28.698565,0.438359
28.724693,0.426852,28.724693,0.443514
28.750821,0.423813,28.750821,0.448716
28.776949,0.420496,28.776949,0.453951
28.803077,0.416887,28.803077,0.459204
28.829205,0.412974,28.829205,0.464458
28.855333,0.408745,28.855333,0.469693
28.881461,0.404187,28.881461,0.474891
28.907589,0.399293,28.907589,0.480028
28.933717,0.394053,28.933717,0.485082
28.959845,0.388462,28.959845,0.490028
28.985973,0.382514,28.985973,0.49484
29.012101,0.376206,29.012101,0.499493
29.038229,0.369539,29.038229,0.503958
29.064357,0.362513,29.064357,0.508206
29.090485,0.355132,29.090485,0.512209
29.116613,0.347401,29.116613,0.515937
29.142741,0.33933,29.142741,0.51936
29.168869,0.33093,29.168869,0.52245
29.194997,0.322213,29.194997,0.5251749999999999
29.221125,0.313196,29.221125,0.527509
29.247253,0.303898,29.247253,0.5294219999999999
29.273381,0.29434,29.273381,0.530887
29.299509,0.284546,29.299509,0.53188
29.325637,0.274542,29.325637,0.532375
29.351765,0.264357,29.351765,0.53235
29.377893,0.254021,29.377893,0.531786
29.404021,0.243567,29.404021,0.530664
29.430149,0.23303,29.430149,0.528968
29.456277,0.222446,29.456277,0.526687
29.482405,0.211852,29.482405,0.52381
29.508533,0.201289,29.508533,0.520331
29.534661,0.190794,29.534661,0.516247
29.560789,0.180408,29.560789,0.511557
29.586917,0.170173,29.586917,0.506265
29.613045,0.160127,29.613045,0.500379
29.639173,0.150311,29.639173,0.493907
29.665301,0.140764,29.665301,0.486866
29.691429,0.131524,29.691429,0.47927
29.717557,0.122629,29.717557,0.471142
29.743686,0.114112,29.743686,0.462505
29.769814,0.106008,29.769814,0.453385
29.795942,0.098347,29.795942,0.443812
29.82207,0.091157,29.82207,0.433818
29.848198,0.084465,29.848198,0.423437
29.874326,0.078292,29.874326,0.412705
29.900454,0.07266,29.900454,0.40166
29.926582,0.06758400000000001,29.926582,0.390341
29.95271,0.063078,29.95271,0.378789
29.978838,0.059152,29.978838,0.367044
30.004966,0.055812,30.004966,0.355147
30.031094,0.053063,30.031094,0.34314
30.057222,0.050903,30.057222,0.331064
30.08335,0.04933,30.08335,0.31896
30.109478,0.048338,30.109478,0.306865
30.135606,0.047916,30.135606,0.29482
30.161734,0.048055,30.161734,0.28286
30.187862,0.048738,30.187862,0.271021
30.21399,0.049949,30.21399,0.259336
30.240118,0.051668,30.240118,0.247836
30.266246,0.053875,30.266246,0.236549
30.292374,0.056547,30.292374,0.225503
30.318502,0.059659,30.318502,0.214721
30.34463,0.06318600000000001,30.34463,0.204225
30.370758,0.067103,30.370758,0.194033
30.396886,0.071381,30.396886,0.184162
30.423014,0.07599400000000001,30.423014,0.174627
30.449142,0.080913,30.449142,0.165437
30.47527,0.08611199999999999,30.47527,0.156603
30.501398,0.09156300000000001,30.501398,0.14813
30.527526,0.09723900000000001,30.527526,0.140023
30.553654,0.103113,30.553654,0.132285
30.579782,0.109161,30.579782,0.124914
30.60591,0.115356,30.60591,0.117911
30.632038,0.121675,30.632038,0.111271
30.658166,0.128095,30.658166,0.10499
30.684294,0.134595,30.684294,0.099061
30.710422,0.141154,30.710422,0.093476
30.73655,0.147754,30.73655,0.088228
30.762678,0.154376,30.762678,0.08330600000000001
30.788806,0.161004,30.788806,0.07870099999999999
30.814934,0.167622,30.814934,0.074402
30.841062,0.174217,30.841062,0.070396
30.86719,0.180776,30.86719,0.066673
30.893318,0.187288,30.893318,0.063221
30.919446,0.193742,30.919446,0.060027
30.945574,0.200129,30.945574,0.057078
30.971702,0.206442,30.971702,0.054364
30.99783,0.212673,30.99783,0.051871
31.023958,0.218816,31.023958,0.049588
31.050086,0.224866,31.050086,0.047504
31.076214,0.230819,31.076214,0.045607
31.102342,0.236672,31.102342,0.043885
31.128471,0.242422,31.128471,0.04233
31.154599,0.248066,31.154599,0.040929
31.180727,0.253603,31.180727,0.039674
31.206855,0.259032,31.206855,0.038555
31.232983,0.264353,31.232983,0.037564
31.259111,0.269565,31.259111,0.036691
31.285239,0.274668,31.285239,0.035928
31.311367,0.279663,31.311367,0.035269
31.337495,0.284551,31.337495,0.034706
31.363623,0.289333,31.363623,0.034231
31.389751,0.294009,31.389751,0.033839
31.415879,0.298581,31.415879,0.033523
31.442007,0.303051,31.442007,0.033278
31.468135,0.30742,31.468135,0.033098
31.494263,0.31169,31.494263,0.032979
31.520391,0.315862,31.520391,0.032914
31.546519,0.319939,31.546519,0.0329
31.572647,0.323921,31.572647,0.032932
31.598775,0.327811,31.598775,0.033007
31.624903,0.331611,31.624903,0.033119
31.651031,0.335323,31.651031,0.033266
31.677159,0.338948,31.677159,0.033443
31.703287,0.342488,31.703287,0.033648
31.729415,0.345945,31.729415,0.033877
31.755543,0.349322,31.755543,0.034126
31.781671,0.35262,31.781671,0.034393
31.807799,0.355842,31.807799,0.034676
31.833927,0.358988,31.833927,0.03497
31.860055,0.362062,31.860055,0.035274
31.886183,0.365066,31.886183,0.035585
31.912311,0.368001,31.912311,0.0359
31.938439,0.37087,31.938439,0.036217
31.964567,0.373675,31.964567,0.036535
31.990695,0.376418,31.990695,0.03685
32.016823,0.379102,32.016823,0.037161
32.042951,0.381729,32.042951,0.037466
32.069079,0.384301,32.069079,0.037764
32.095207,0.386821,32.095207,0.038052
32.121335,0.389291,32.121335,0.03833
32.147463,0.391713,32.147463,0.038596
32.173591,0.39409,32.173591,0.038848
32.199719,0.396425,32.199719,0.039087
32.225847,0.398719,32.225847,0.03931
32.251975,0.400976,32.251975,0.039518
32.278103,0.403197,32.278103,0.03971
32.304231,0.405385,32.304231,0.039885
32.330359,0.407543,32.330359,0.040043
32.356487,0.409672,32.356487,0.040185
32.382615,0.411775,32.382615,0.040309
32.408743,0.413854,32.408743,0.040416
32.434871,0.41591,32.434871,0.040507
32.460999,0.417947,32.460999,0.040581
32.487127,0.419965,32.487127,0.040639
32.513256,0.421967,32.513256,0.040681
32.539384,0.423954,32.539384,0.040709
32.565512,0.425929,32.565512,0.040723
32.59164,0.427891,32.59164,0.040723
32.617768,0.429844,32.617768,0.04071
32.643896,0.431787,32.643896,0.040686
32.670024,0.433724,32.670024,0.040651
32.696152,0.435653,32.696152,0.040605
32.72228,0.437577,32.72228,0.040551
32.748408,0.439497,32.748408,0.040488
32.774536,0.441412,32.774536,0.040418
32.800664,0.443325,32.800664,0.040341
32.826792,0.445236,32.826792,0.040259
32.85292,0.447145,32.85292,0.040173
32.879048,0.449052,32.879048,0.040082
32.905176,0.45096,32.905176,0.039989
32.931304,0.452867,32.931304,0.039894
32.957432,0.454774,32.957432,0.039798
32.98356,0.456682,32.98356,0.039701
33.009688,0.458591,33.009688,0.039605
33.035816,0.460501,33.035816,0.03951
33.061944,0.462412,33.061944,0.039417
33.088072,0.464325,33.088072,0.039328
33.1142,0.466239,33.1142,0.039241
33.140328,0.468155,33.140328,0.039159
33.166456,0.470072,33.166456,0.039082
33.192584,0.471991,33.192584,0.039011
33.218712,0.473912,33.218712,0.038946
33.24484,0.475835,33.24484,0.038888
33.270968,0.477759,33.270968,0.038837
33.297096,0.479685,33.297096,0.038795
33.323224,0.481612,33.323224,0.038761
33.349352,0.483541,33.349352,0.038737
33.37548,0.48547,33.37548,0.038723
33.401608,0.487401,33.401608,0.038719
33.427736,0.489331,33.427736,0.038727
33.453864,0.491263,33.453864,0.038745
33.479992,0.493194,33.479992,0.038775
33.50612,0.495125,33.50612,0.038818
33.532248,0.497055,33.532248,0.038873
33.558376,0.498985,33.558376,0.038941
33.584504,0.500914,33.584504,0.039022
33.610632,0.502841,33.610632,0.039117
33.63676,0.504766,33.63676,0.039225
33.662888,0.50669,33.662888,0.039348
33.689016,0.50861,33.689016,0.039484
33.715144,0.510529,33.715144,0.039635
33.741272,0.512444,33.741272,0.039801
33.7674,0.514356,33.7674,0.03998
33.793528,0.516265,33.793528,0.040175
33.819656,0.51817,33.819656,0.040384
33.845784,0.5200709999999999,33.845784,0.040609
33.871912,0.521968,33.871912,0.040848
33.898041,0.523861,33.898041,0.041102
33.924169,0.5257500000000001,33.924169,0.041372
33.950297,0.527634,33.950297,0.041657
33.976425,0.529514,33.976425,0.041958
34.002553,0.531389,34.002553,0.042274
34.028681,0.53326,34.028681,0.042607
34.054809,0.535125,34.054809,0.042956
34.080937,0.536986,34.080937,0.043321
34.107065,0.538841,34.107065,0.043704
34.133193,0.540692,34.133193,0.044104
34.159321,0.542536,34.159321,0.044521
34.185449,0.544376,34.185449,0.044957
34.211577,0.5462089999999999,34.211577,0.045412
34.237705,0.548036,34.237705,0.045887
34.263833,0.549857,34.263833,0.046381
34.289961,0.55167,34.289961,0.046896
34.316089,0.553476,34.316089,0.047432
34.342217,0.555273,34.342217,0.04799
34.368345,0.557061,34.368345,0.048571
34.394473,0.55884,34.394473,0.049174
34.420601,0.560608,34.420601,0.049801
34.446729,0.562364,34.446729,0.050453
34.472857,0.564107,34.472857,0.051128
34.498985,0.565837,34.498985,0.051829
34.525113,0.567551,34.525113,0.052555
34.551241,0.569248,34.551241,0.053306
34.577369,0.570928,34.577369,0.054083
34.603497,0.572589,34.603497,0.054885
34.629625,0.574228,34.629625,0.055713
34.655753,0.5758450000000001,34.655753,0.056566
34.681881,0.577438,34.681881,0.057444
34.708009,0.579005,34.708009,0.058345
34.734137,0.580545,34.734137,0.05927
34.760265,0.582056,34.760265,0.060218
34.786393,0.5835360000000001,34.786393,0.061187
34.812521,0.584985,34.812521,0.062176
34.838649,0.586401,34.838649,0.063184
34.864777,0.587782,34.864777,0.064209
34.890905,0.589127,34.890905,0.065249
34.917033,0.590435,34.917033,0.066304
34.943161,0.591705,34.943161,0.06737
34.969289,0.592937,34.969289,0.06844600000000001
34.995417,0.594129,34.995417,0.06952899999999999
35.021545,0.5952809999999999,35.021545,0.070617
35.047673,0.596394,35.047673,0.07170899999999999
35.073801,0.5974660000000001,35.073801,0.0728
35.099929,0.5984969999999999,35.099929,0.07389
35.126057,0.599489,35.126057,0.074976
35.152185,0.600441,35.152185,0.076054
35.178313,0.601355,35.178313,0.077124
35.204441,0.602231,35.204441,0.078181
35.230569,0.603071,35.230569,0.079225
35.256697,0.6038750000000001,35.256697,0.080252
35.282826,0.604646,35.282826,0.081261
35.308954,0.605384,35.308954,0.08225
35.335082,0.606092,35.335082,0.083216
35.36121,0.606773,35.36121,0.084159
35.387338,0.6074270000000001,35.387338,0.085076
35.413466,0.608058,35.413466,0.085967
35.439594,0.608668,35.439594,0.08683
35.465722,0.609259,35.465722,0.08766500000000001
35.49185,0.609834,35.49185,0.08846999999999999
35.517978,0.610396,35.517978,0.08924600000000001
35.544106,0.610948,35.544106,0.089992
35.570234,0.611492,35.570234,0.090708
35.596362,0.61203,35.596362,0.091395
35.62249,0.6125660000000001,35.62249,0.092054
35.648618,0.613102,35.648618,0.092684
35.674746,0.613641,35.674746,0.093288
35.700874,0.614184,35.700874,0.09386700000000001
35.727002,0.6147359999999999,35.727002,0.09442200000000001
35.75313,0.615296,35.75313,0.094955
35.779258,0.615868,35.779258,0.095467
35.805386,0.6164539999999999,35.805386,0.09596200000000001
35.831514,0.617054,35.831514,0.096442
35.857642,0.617671,35.857642,0.09690799999999999
35.88377,0.618305,35.88377,0.09736400000000001
35.909898,0.618958,35.909898,0.097812
35.936026,0.61963,35.936026,0.098255
35.962154,0.620321,35.962154,0.09869600000000001
35.988282,0.621032,35.988282,0.099138
36.01441,0.621762,36.01441,0.099583
36.040538,0.622512,36.040538,0.100035
36.066666,0.6232799999999999,36.066666,0.100496
36.092794,0.624066,36.092794,0.100969
36.118922,0.624868,36.118922,0.101457
36.14505,0.625686,36.14505,0.101962
36.171178,0.626517,36.171178,0.102487
36.197306,0.62736,36.197306,0.103033
36.223434,0.628213,36.223434,0.103603
36.249562,0.629074,36.249562,0.104199
36.27569,0.6299400000000001,36.27569,0.104823
36.301818,0.630809,36.301818,0.105475
36.327946,0.631678,36.327946,0.106156
36.354074,0.632544,36.354074,0.106869
36.380202,0.633406,36.380202,0.107612
36.40633,0.63426,36.40633,0.108388
36.432458,0.635103,36.432458,0.109195
36.458586,0.635933,36.458586,0.110034
36.484714,0.636747,36.484714,0.110903
36.510842,0.6375420000000001,36.510842,0.111804
36.53697,0.638316,36.53697,0.112734
36.563098,0.639066,36.563098,0.113692
36.589226,0.63979,36.589226,0.114677
36.615354,0.640485,36.615354,0.115688
36.641482,0.641151,36.641482,0.116722
36.667611,0.641784,36.667611,0.117778
36.693739,0.642383,36.693739,0.118854
36.719867,0.642946,36.719867,0.119947
36.745995,0.643473,36.745995,0.121055
36.772123,0.643962,36.772123,0.122176
36.798251,0.644413,36.798251,0.123308
36.824379,0.644824,36.824379,0.124447
36.850507,0.645196,36.850507,0.125591
36.876635,0.645528,36.876635,0.126738
36.902763,0.6458199999999999,36.902763,0.127885
36.928891,0.646072,36.928891,0.12903
36.955019,0.646286,36.955019,0.130171
36.981147,0.646461,36.981147,0.131304
37.007275,0.646598,37.007275,0.132428
37.033403,0.646699,37.033403,0.133541
37.059531,0.646765,37.059531,0.134642
37.085659,0.646797,37.085659,0.135727
37.111787,0.646796,37.111787,0.136796
37.137915,0.646763,37.137915,0.137847
37.164043,0.646702,37.164043,0.138879
37.190171,0.646612,37.190171,0.139891
37.216299,0.646496,37.216299,0.140881
37.242427,0.646356,37.242427,0.141851
37.268555,0.646194,37.268555,0.142798
37.294683,0.64601,37.294683,0.143723
37.320811,0.645807,37.320811,0.144625
37.346939,0.645587,37.346939,0.145505
37.373067,0.645351,37.373067,0.146363
37.399195,0.6451,37.399195,0.147199
37.425323,0.644836,37.425323,0.148014
37.451451,0.64456,37.451451,0.148808
37.477579,0.644273,37.477579,0.149583
37.503707,0.643977,37.503707,0.150339
37.529835,0.643671,37.529835,0.151077
37.555963,0.643358,37.555963,0.151799
37.582091,0.6430360000000001,37.582091,0.152504
37.608219,0.642706,37.608219,0.153195
37.634347,0.64237,37.634347,0.153871
37.660475,0.642026,37.660475,0.154535
37.686603,0.641675,37.686603,0.155187
37.712731,0.641316,37.712731,0.155828
37.738859,0.640949,37.738859,0.156458
37.764987,0.640574,37.764987,0.157079
37.791115,0.640189,37.791115,0.15769
37.817243,0.639796,37.817243,0.158292
37.843371,0.639392,37.843371,0.158886
37.869499,0.638977,37.869499,0.159471
37.895627,0.638551,37.895627,0.160048
37.921755,0.638113,37.921755,0.160616
37.947883,0.637662,37.947883,0.161175
37.974011,0.637197,37.974011,0.161724
38.000139,0.636718,38.000139,0.162263
38.026267,0.636226,38.026267,0.162792
38.052396,0.635718,38.052396,0.16331
38.078524,0.635195,38.078524,0.163815
38.104652,0.6346580000000001,38.104652,0.164307
38.13078,0.634105,38.13078,0.164785
38.156908,0.633537,38.156908,0.165249
38.183036,0.632954,38.183036,0.165696
38.209164,0.6323569999999999,38.209164,0.166127
38.235292,0.631746,38.235292,0.166541
38.26142,0.631121,38.26142,0.166937
38.287548,0.630484,38.287548,0.167314
38.313676,0.629835,38.313676,0.167671
38.339804,0.629174,38.339804,0.168009
38.365932,0.628503,38.365932,0.168326
38.39206,0.627822,38.39206,0.168623
38.418188,0.627132,38.418188,0.1689
38.444316,0.626434,38.444316,0.169156
38.470444,0.625729,38.470444,0.169392
38.496572,0.625018,38.496572,0.169608
38.5227,0.6243,38.5227,0.169805
38.548828,0.623577,38.548828,0.169982
38.574956,0.62285,38.574956,0.17014
38.601084,0.622117,38.601084,0.17028
38.627212,0.62138,38.627212,0.170403
38.65334,0.6206390000000001,38.65334,0.170508
38.679468,0.619893,38.679468,0.170597
38.705596,0.619143,38.705596,0.17067
38.731724,0.618387,38.731724,0.170728
38.757852,0.617626,38.757852,0.17077
38.78398,0.616859,38.78398,0.170797
38.810108,0.616086,38.810108,0.17081
38.836236,0.615305,38.836236,0.170808
38.862364,0.614516,38.862364,0.17079
38.888492,0.613718,38.888492,0.170758
38.91462,0.612911,38.91462,0.170709
38.940748,0.612093,38.940748,0.170643
38.966876,0.611264,38.966876,0.17056
38.993004,0.610423,38.993004,0.170457
39.019132,0.6095699999999999,39.019132,0.170335
39.04526,0.6087050000000001,39.04526,0.170191
39.071388,0.607826,39.071388,0.170023
39.097516,0.606935,39.097516,0.169831
39.123644,0.606031,39.123644,0.169612
39.149772,0.605114,39.149772,0.169363
39.1759,0.604186,39.1759,0.169084
39.202028,0.6032459999999999,39.202028,0.168771
39.228156,0.602297,39.228156,0.168424
39.254284,0.601339,39.254284,0.168039
39.280412,0.600375,39.280412,0.167615
39.30654,0.599405,39.30654,0.16715
39.332668,0.598433,39.332668,0.166642
39.358796,0.59746,39.358796,0.166089
39.384924,0.596489,39.384924,0.165491
39.411052,0.595523,39.411052,0.164846
39.437181,0.594566,39.437181,0.164153
39.463309,0.593619,39.463309,0.163412
39.489437,0.592686,39.489437,0.162621
39.515565,0.591771,39.515565,0.161782
39.541693,0.590877,39.541693,0.160894
39.567821,0.590008,39.567821,0.159958
39.593949,0.589167,39.593949,0.158975
39.620077,0.588357,39.620077,0.157946
39.646205,0.587582,39.646205,0.156874
39.672333,0.586846,39.672333,0.155759
39.698461,0.5861499999999999,39.698461,0.154605
39.724589,0.585498,39.724589,0.153414
39.750717,0.584894,39.750717,0.152188
39.776845,0.584338,39.776845,0.150932
39.802973,0.583834,39.802973,0.149649
39.829101,0.583383,39.829101,0.148342
39.855229,0.582987,39.855229,0.147016
39.881357,0.5826480000000001,39.881357,0.145674
39.907485,0.582365,39.907485,0.14432
39.933613,0.58214,39.933613,0.14296
39.959741,0.581973,39.959741,0.141596
39.985869,0.581863,39.985869,0.140234
40.011997,0.58181,40.011997,0.138878
40.038125,0.581813,40.038125,0.137532
40.064253,0.58187,40.064253,0.136199
40.090381,0.581981,40.090381,0.134885
40.116509,0.582142,40.116509,0.133592
40.142637,0.582352,40.142637,0.132325
40.168765,0.582608,40.168765,0.131086
40.194893,0.582907,40.194893,0.129879
40.221021,0.583246,40.221021,0.128706
40.247149,0.583622,40.247149,0.12757
40.273277,0.584031,40.273277,0.126472
40.299405,0.58447,40.299405,0.125415
40.325533,0.584935,40.325533,0.124399
40.351661,0.585422,40.351661,0.123425
40.377789,0.585928,40.377789,0.122495
40.403917,0.586449,40.403917,0.121608
40.430045,0.586982,40.430045,0.120764
40.456173,0.587523,40.456173,0.119963
40.482301,0.588068,40.482301,0.119203
40.508429,0.588615,40.508429,0.118484
40.534557,0.58916,40.534557,0.117805
40.560685,0.589701,40.560685,0.117163
40.586813,0.590235,40.586813,0.116557
40.612941,0.59076,40.612941,0.115984
40.639069,0.591274,40.639069,0.115443
40.665197,0.5917750000000001,40.665197,0.114931
40.691325,0.592262,40.691325,0.114446
40.717453,0.592735,40.717453,0.113985
40.743581,0.593191,40.743581,0.113547
40.769709,0.593631,40.769709,0.113128
40.795837,0.594054,40.795837,0.112727
40.821966,0.594461,40.821966,0.112341
40.848094,0.594852,40.848094,0.111968
40.874222,0.595227,40.874222,0.111608
40.90035,0.5955859999999999,40.90035,0.111257
40.926478,0.595931,40.926478,0.110915
40.952606,0.596263,40.952606,0.110581
40.978734,0.5965819999999999,40.978734,0.110253
41.004862,0.59689,41.004862,0.109932
41.03099,0.597187,41.03099,0.109617
41.057118,0.597475,41.057118,0.109307
41.083246,0.597755,41.083246,0.109004
41.109374,0.5980259999999999,41.109374,0.108707
41.135502,0.598291,41.135502,0.108417
41.16163,0.598549,41.16163,0.108135
41.187758,0.598801,41.187758,0.107863
41.213886,0.599047,41.213886,0.107601
41.240014,0.599286,41.240014,0.10735
41.266142,0.599518,41.266142,0.107113
41.29227,0.599743,41.29227,0.106889
41.318398,0.599958,41.318398,0.106682
41.344526,0.600164,41.344526,0.106491
41.370654,0.6003579999999999,41.370654,0.106319
41.396782,0.600539,41.396782,0.106166
41.42291,0.600703,41.42291,0.106034
41.449038,0.600849,41.449038,0.105922
41.475166,0.600974,41.475166,0.105831
41.501294,0.601075,41.501294,0.105762
41.527422,0.601149,41.527422,0.105713
41.55355,0.601193,41.55355,0.105685
41.579678,0.601204,41.579678,0.105676
41.605806,0.601178,41.605806,0.105684
41.631934,0.601111,41.631934,0.105708
41.658062,0.601002,41.658062,0.105745
41.68419,0.600846,41.68419,0.105792
41.710318,0.600641,41.710318,0.105846
41.736446,0.6003849999999999,41.736446,0.105904
41.762574,0.600073,41.762574,0.10596
41.788702,0.599706,41.788702,0.106011
41.81483,0.59928,41.81483,0.106051
41.840958,0.598795,41.840958,0.106075
41.867086,0.5982499999999999,41.867086,0.106078
41.893214,0.597645,41.893214,0.106054
41.919342,0.596979,41.919342,0.105996
41.94547,0.596254,41.94547,0.1059
41.971598,0.595471,41.971598,0.105758
41.997726,0.594632,41.997726,0.105565
42.023854,0.593739,42.023854,0.105314
42.049982,0.592797,42.049982,0.105
42.07611,0.591808,42.07611,0.104617
42.102238,0.590777,42.102238,0.10416
42.128366,0.589709,42.128366,0.103623
42.154494,0.588609,42.154494,0.103002
42.180622,0.587484,42.180622,0.102293
42.206751,0.5863390000000001,42.206751,0.101491
42.232879,0.585181,42.232879,0.100595
42.259007,0.584018,42.259007,0.099601
42.285135,0.582856,42.285135,0.098508
42.311263,0.581704,42.311263,0.097314
42.337391,0.580569,42.337391,0.09601899999999999
42.363519,0.579458,42.363519,0.094624
42.389647,0.57838,42.389647,0.093129
42.415775,0.577342,42.415775,0.09153600000000001
42.441903,0.576352,42.441903,0.089848
42.468031,0.575416,42.468031,0.08806700000000001
42.494159,0.574542,42.494159,0.086197
42.520287,0.573738,42.520287,0.084244
42.546415,0.573008,42.546415,0.08221100000000001
42.572543,0.572358,42.572543,0.080105
42.598671,0.5717950000000001,42.598671,0.077931
42.624799,0.571323,42.624799,0.075697
42.650927,0.570946,42.650927,0.073408
42.677055,0.570668,42.677055,0.071073
42.703183,0.570491,42.703183,0.068698
42.729311,0.570418,42.729311,0.066292
42.755439,0.57045,42.755439,0.063861
42.781567,0.57059,42.781567,0.061415
42.807695,0.570836,42.807695,0.05896
42.833823,0.571188,42.833823,0.056505
42.859951,0.571646,42.859951,0.054057
42.886079,0.572208,42.886079,0.051623
42.912207,0.572872,42.912207,0.04921
42.938335,0.573636,42.938335,0.046826
42.964463,0.574495,42.964463,0.044477
42.990591,0.575447,42.990591,0.042169
43.016719,0.576488,43.016719,0.039907
43.042847,0.577612,43.042847,0.037696
43.068975,0.578817,43.068975,0.035543
43.095103,0.580095,43.095103,0.033449
43.121231,0.581444,43.121231,0.03142
43.147359,0.582856,43.147359,0.029459
43.173487,0.584328,43.173487,0.027568
43.199615,0.585852,43.199615,0.025749
43.225743,0.5874239999999999,43.225743,0.024005
43.251871,0.589039,43.251871,0.022336
43.277999,0.590691,43.277999,0.020743
43.304127,0.592374,43.304127,0.019227
43.330255,0.594083,43.330255,0.017787
43.356383,0.595814,43.356383,0.016423
43.382511,0.597562,43.382511,0.015134
43.408639,0.599321,43.408639,0.01392
43.434767,0.601088,43.434767,0.012777
43.460895,0.602858,43.460895,0.011706
43.487023,0.604629,43.487023,0.010703
43.513151,0.606395,43.513151,0.009767
43.539279,0.6081530000000001,43.539279,0.008895
43.565407,0.6099020000000001,43.565407,0.008085
43.591536,0.611637,43.591536,0.007334
43.617664,0.613357,43.617664,0.006639
43.643792,0.615059,43.643792,0.005999
43.66992,0.616741,43.66992,0.005409
43.696048,0.618402,43.696048,0.004867
43.722176,0.62004,43.722176,0.004371
43.748304,0.621654,43.748304,0.003918
43.774432,0.623243,43.774432,0.003504
43.80056,0.6248050000000001,43.80056,0.003128
43.826688,0.626342,43.826688,0.002786
43.852816,0.627851,43.852816,0.002477
43.878944,0.629333,43.878944,0.002197
43.905072,0.630788,43.905072,0.001945
43.9312,0.632216,43.9312,0.001719
43.957328,0.633617,43.957328,0.001516
43.983456,0.634991,43.983456,0.001334
44.009584,0.636338,44.009584,0.001171
44.035712,0.637659,44.035712,0.001026
44.06184,0.638954,44.06184,0.000897
44.087968,0.640225,44.087968,0.000783
44.114096,0.641471,44.114096,0.000682
44.140224,0.642693,44.140224,0.000593
44.166352,0.643892,44.166352,0.000514
44.19248,0.645068,44.19248,0.000445
44.218608,0.646223,44.218608,0.000384
44.244736,0.647357,44.244736,0.000331
44.270864,0.64847,44.270864,0.000285
44.296992,0.649563,44.296992,0.000245
44.32312,0.650638,44.32312,0.000209
44.349248,0.651694,44.349248,0.000179
44.375376,0.652733,44.375376,0.000153
44.401504,0.653755,44.401504,0.00013
44.427632,0.65476,44.427632,0.000111
44.45376,0.6557500000000001,44.45376,9.399999999999999e-05
44.479888,0.656724,44.479888,8.000000000000001e-05
44.506016,0.657684,44.506016,6.7e-05
44.532144,0.65863,44.532144,5.7e-05
44.558272,0.659563,44.558272,4.8e-05
44.5844,0.660483,44.5844,4.1e-05
44.610528,0.66139,44.610528,3.4e-05
44.636656,0.662285,44.636656,2.9e-05
44.662784,0.663169,44.662784,2.4e-05
44.688912,0.664041,44.688912,2e-05
44.71504,0.664903,44.71504,1.7e-05
44.741168,0.665754,44.741168,1.4e-05
44.767296,0.666596,44.767296,1.2e-05
44.793424,0.667427,44.793424,1e-05
44.819552,0.66825,44.819552,9e-06
44.84568,0.669063,44.84568,8e-06
44.871808,0.669867,44.871808,7e-06
44.897936,0.670663,44.897936,6e-06
44.924064,0.671451,44.924064,5e-06
44.950193,0.672231,44.950193,4e-06
44.976321,0.673003,44.976321,4e-06
45.002449,0.673768,45.002449,4e-06
45.028577,0.674525,45.028577,3e-06
45.054705,0.675275,45.054705,3e-06
45.080833,0.676019,45.080833,3e-06
45.106961,0.676755,45.106961,3e-06
45.133089,0.677485,45.133089,3e-06
45.159217,0.678209,45.159217,2e-06
45.185345,0.6789269999999999,45.185345,2e-06
45.211473,0.679638,45.211473,2e-06
45.237601,0.680343,45.237601,2e-06
45.263729,0.681043,45.263729,2e-06
45.289857,0.681737,45.289857,2e-06
45.315985,0.682426,45.315985,2e-06
45.342113,0.683109,45.342113,2e-06
45.368241,0.683787,45.368241,2e-06
45.394369,0.68446,45.394369,2e-06
45.420497,0.685127,45.420497,2e-06
45.446625,0.68579,45.446625,2e-06
45.472753,0.6864479999999999,45.472753,2e-06
45.498881,0.687101,45.498881,2e-06
45.525009,0.68775,45.525009,2e-06
45.551137,0.688394,45.551137,2e-06
45.577265,0.689033,45.577265,2e-06
45.603393,0.6896679999999999,45.603393,2e-06
45.629521,0.690299,45.629521,2e-06
45.655649,0.690926,45.655649,2e-06
45.681777,0.6915480000000001,45.681777,2e-06
45.707905,0.692167,45.707905,2e-06
45.734033,0.692781,45.734033,2e-06
45.760161,0.693391,45.760161,2e-06
45.786289,0.693998,45.786289,2e-06
45.812417,0.694601,45.812417,2e-06
45.838545,0.6952,45.838545,2e-06
45.864673,0.6957950000000001,45.864673,2e-06
45.890801,0.696387,45.890801,2e-06
45.916929,0.696975,45.916929,2e-06
45.943057,0.697559,45.943057,2e-06
45.969185,0.698141,45.969185,2e-06
45.995313,0.698718,45.995313,2e-06
46.021441,0.6992930000000001,46.021441,2e-06
46.047569,0.699864,46.047569,2e-06
46.073697,0.7004320000000001,46.073697,2e-06
46.099825,0.700997,46.099825,2e-06
46.125953,0.701558,46.125953,2e-06
46.152081,0.702117,46.152081,2e-06
46.178209,0.702672,46.178209,2e-06
46.204337,0.703224,46.204337,2e-06
46.230465,0.703774,46.230465,2e-06
46.256593,0.7043199999999999,46.256593,2e-06
46.282721,0.704864,46.282721,2e-06
46.308849,0.7054049999999999,46.308849,2e-06
46.334978,0.705943,46.334978,2e-06
46.361106,0.7064780000000001,46.361106,2e-06
46.387234,0.70701,46.387234,2e-06
46.413362,0.7075399999999999,46.413362,2e-06
46.43949,0.708067,46.43949,2e-06
46.465618,0.708591,46.465618,2e-06
46.491746,0.709113,46.491746,2e-06
46.517874,0.709632,46.517874,2e-06
46.544002,0.710149,46.544002,2e-06
46.57013,0.710663,46.57013,2e-06
46.596258,0.711175,46.596258,2e-06
46.622386,0.711684,46.622386,2e-06
46.648514,0.712191,46.648514,2e-06
46.674642,0.712695,46.674642,2e-06
46.70077,0.713197,46.70077,2e-06
46.726898,0.713697,46.726898,2e-06
46.753026,0.714194,46.753026,2e-06
46.779154,0.714689,46.779154,2e-06
46.805282,0.715182,46.805282,2e-06
46.83141,0.715673,46.83141,2e-06
46.857538,0.716161,46.857538,2e-06
46.883666,0.716648,46.883666,2e-06
46.909794,0.717132,46.909794,2e-06
46.935922,0.717614,46.935922,2e-06
46.96205,0.718094,46.96205,2e-06
46.988178,0.718572,46.988178,2e-06
47.014306,0.719047,47.014306,2e-06
47.040434,0.719521,47.040434,2e-06
47.066562,0.719993,47.066562,2e-06
47.09269,0.720462,47.09269,2e-06
47.118818,0.72093,47.118818,2e-06
47.144946,0.721396,47.144946,2e-06
47.171074,0.7218599999999999,47.171074,2e-06
47.197202,0.722321,47.197202,2e-06
47.22333,0.722781,47.22333,2e-06
47.249458,0.723239,47.249458,2e-06
47.275586,0.723696,47.275586,2e-06
47.301714,0.72415,47.301714,2e-06
47.327842,0.724602,47.327842,2e-06
47.35397,0.7250529999999999,47.35397,2e-06
47.380098,0.725502,47.380098,2e-06
47.406226,0.725949,47.406226,2e-06
47.432354,0.726395,47.432354,2e-06
47.458482,0.726838,47.458482,2e-06
47.48461,0.72728,47.48461,2e-06
47.510738,0.72772,47.510738,2e-06
47.536866,0.728159,47.536866,2e-06
47.562994,0.728596,47.562994,2e-06
47.589122,0.729031,47.589122,2e-06
47.61525,0.729464,47.61525,2e-06
47.641378,0.729896,47.641378,2e-06
47.667506,0.730326,47.667506,2e-06
47.693634,0.730755,47.693634,2e-06
47.719763,0.731182,47.719763,2e-06
47.745891,0.731607,47.745891,2e-06
47.772019,0.732031,47.772019,2e-06
47.798147,0.732454,47.798147,2e-06
47.824275,0.732874,47.824275,2e-06
47.850403,0.733294,47.850403,2e-06
47.876531,0.733711,47.876531,2e-06
47.902659,0.734128,47.902659,2e-06
47.928787,0.734542,47.928787,2e-06
47.954915,0.734955,47.954915,2e-06
47.981043,0.735367,47.981043,2e-06
48.007171,0.735778,48.007171,2e-06
48.033299,0.736186,48.033299,2e-06
48.059427,0.736594,48.059427,2e-06
48.085555,0.737,48.085555,2e-06
48.111683,0.737405,48.111683,2e-06
48.137811,0.737808,48.137811,2e-06
48.163939,0.738209,48.163939,2e-06
48.190067,0.73861,48.190067,2e-06
48.216195,0.739009,48.216195,2e-06
48.242323,0.739407,48.242323,2e-06
48.268451,0.739803,48.268451,2e-06
48.294579,0.740198,48.294579,2e-06
48.320707,0.740592,48.320707,2e-06
48.346835,0.740984,48.346835,2e-06
48.372963,0.741375,48.372963,2e-06
48.399091,0.741765,48.399091,2e-06
48.425219,0.742153,48.425219,2e-06
48.451347,0.742541,48.451347,2e-06
48.477475,0.742927,48.477475,2e-06
48.503603,0.7433110000000001,48.503603,2e-06
48.529731,0.743695,48.529731,2e-06
48.555859,0.744077,48.555859,2e-06
48.581987,0.744458,48.581987,2e-06
48.608115,0.744838,48.608115,2e-06
48.634243,0.745216,48.634243,2e-06
48.660371,0.745593,48.660371,2e-06
48.686499,0.745969,48.686499,2e-06
48.712627,0.746344,48.712627,2e-06
48.738755,0.746718,48.738755,2e-06
48.764883,0.7470909999999999,48.764883,2e-06
48.791011,0.747462,48.791011,2e-06
48.817139,0.7478320000000001,48.817139,2e-06
48.843267,0.748201,48.843267,2e-06
48.869395,0.748569,48.869395,2e-06
48.895523,0.748936,48.895523,2e-06
48.921651,0.749302,48.921651,2e-06
48.947779,0.7496660000000001,48.947779,2e-06
48.973907,0.75003,48.973907,2e-06
49.000035,0.7503919999999999,49.000035,2e-06
49.026163,0.750753,49.026163,2e-06
49.052291,0.751113,49.052291,2e-06
49.078419,0.751472,49.078419,2e-06
49.104548,0.75183,49.104548,2e-06
49.130676,0.7521870000000001,49.130676,2e-06
49.156804,0.752543,49.156804,2e-06
49.182932,0.752897,49.182932,2e-06
49.20906,0.753251,49.20906,2e-06
49.235188,0.7536040000000001,49.235188,2e-06
49.261316,0.753955,49.261316,2e-06
49.287444,0.754306,49.287444,2e-06
49.313572,0.754655,49.313572,2e-06
49.3397,0.755004,49.3397,2e-06
49.365828,0.755351,49.365828,2e-06
49.391956,0.755698,49.391956,2e-06
49.418084,0.756043,49.418084,2e-06
49.444212,0.7563879999999999,49.444212,2e-06
49.47034,0.756731,49.47034,2e-06
49.496468,0.757074,49.496468,2e-06
49.522596,0.7574149999999999,49.522596,2e-06
49.548724,0.757756,49.548724,2e-06
49.574852,0.758095,49.574852,2e-06
49.60098,0.7584340000000001,49.60098,2e-06
49.627108,0.758771,49.627108,2e-06
49.653236,0.759108,49.653236,2e-06
49.679364,0.759444,49.679364,2e-06
49.705492,0.759778,49.705492,2e-06
49.73162,0.760112,49.73162,2e-06
49.757748,0.760445,49.757748,2e-06
49.783876,0.760777,49.783876,2e-06
49.810004,0.761108,49.810004,2e-06
49.836132,0.7614379999999999,49.836132,2e-06
49.86226,0.761768,49.86226,2e-06
49.888388,0.762096,49.888388,2e-06
49.914516,0.762423,49.914516,2e-06
49.940644,0.76275,49.940644,2e-06
49.966772,0.763076,49.966772,2e-06
49.9929,0.7634,49.9929,2e-06
50.019028,0.763724,50.019028,2e-06
50.045156,0.764047,50.045156,2e-06
50.071284,0.764369,50.071284,2e-06
50.097412,0.764691,50.097412,2e-06
50.12354,0.765011,50.12354,2e-06
50.149668,0.765331,50.149668,2e-06
50.175796,0.765649,50.175796,2e-06
50.201924,0.765967,50.201924,2e-06
50.228052,0.766284,50.228052,2e-06
50.25418,0.7665999999999999,50.25418,2e-06
50.280308,0.766916,50.280308,2e-06
50.306436,0.76723,50.306436,2e-06
50.332564,0.767544,50.332564,2e-06
50.358692,0.767856,50.358692,2e-06
50.38482,0.768169,50.38482,2e-06
50.410948,0.7684800000000001,50.410948,2e-06
50.437076,0.76879,50.437076,2e-06
50.463204,0.7691,50.463204,2e-06
50.489333,0.769408,50.489333,2e-06
50.515461,0.769716,50.515461,2e-06
50.541589,0.770024,50.541589,2e-06
50.567717,0.77033,50.567717,2e-06
50.593845,0.770636,50.593845,2e-06
50.619973,0.77094,50.619973,2e-06
50.646101,0.771245,50.646101,2e-06
50.672229,0.771548,50.672229,2e-06
50.698357,0.77185,50.698357,2e-06
50.724485,0.7721519999999999,50.724485,2e-06
50.750613,0.7724529999999999,50.750613,2e-06
50.776741,0.772753,50.776741,2e-06
50.802869,0.773053,50.802869,2e-06
50.828997,0.773351,50.828997,2e-06
50.855125,0.773649,50.855125,2e-06
50.881253,0.7739470000000001,50.881253,2e-06
50.907381,0.774243,50.907381,2e-06
50.933509,0.774539,50.933509,2e-06
50.959637,0.774834,50.959637,2e-06
50.985765,0.775128,50.985765,2e-06
51.011893,0.7754219999999999,51.011893,2e-06
51.038021,0.775714,51.038021,2e-06
51.064149,0.776007,51.064149,2e-06
51.090277,0.776298,51.090277,2e-06
51.116405,0.776589,51.116405,2e-06
51.142533,0.776879,51.142533,2e-06
51.168661,0.777168,51.168661,1e-06
51.194789,0.777456,51.194789,1e-06
51.220917,0.777744,51.220917,1e-06
51.247045,0.778031,51.247045,1e-06
51.273173,0.778318,51.273173,1e-06
51.299301,0.778604,51.299301,1e-06
51.325429,0.7788890000000001,51.325429,1e-06
51.351557,0.779173,51.351557,1e-06
51.377685,0.779457,51.377685,1e-06
51.403813,0.77974,51.403813,1e-06
51.429941,0.780022,51.429941,1e-06
51.456069,0.780304,51.456069,1e-06
51.482197,0.780585,51.482197,1e-06
51.508325,0.780865,51.508325,1e-06
51.534453,0.781145,51.534453,1e-06
51.560581,0.781424,51.560581,1e-06
51.586709,0.781702,51.586709,1e-06
51.612837,0.78198,51.612837,1e-06
51.638965,0.782257,51.638965,1e-06
51.665093,0.782533,51.665093,1e-06
51.691221,0.782809,51.691221,1e-06
51.717349,0.783084,51.717349,1e-06
51.743477,0.783359,51.743477,1e-06
51.769605,0.783633,51.769605,1e-06
51.795733,0.783906,51.795733,1e-06
51.821861,0.784178,51.821861,1e-06
51.847989,0.78445,51.847989,1e-06
51.874118,0.784722,51.874118,0
51.900246,0.784992,51.900246,0
51.926374,0.785262,51.926374,0
51.952502,0.785532,51.952502,0
51.97863,0.785801,51.97863,0
52.004758,0.786069,52.004758,0
52.030886,0.786336,52.030886,0
52.057014,0.7866030000000001,52.057014,0
52.083142,0.78687,52.083142,0
52.10927,0.787135,52.10927,0
52.135398,0.7874,52.135398,0
52.161526,0.7876649999999999,52.161526,0
52.187654,0.787929,52.187654,0
52.213782,0.788192,52.213782,0
52.23991,0.788455,52.23991,0
