0.01,7.382835,0.01,0.000118
0.036235,7.383286,0.036235,0.000146
0.06247,7.384383,0.06247,0.000179
0.08870599999999999,7.386094,0.08870599999999999,0.00023
0.114941,7.388416,0.114941,0.000283
0.141176,7.391346,0.141176,0.000372
0.167411,7.394884,0.167411,0.000455
0.193647,7.399047,0.193647,0.000563
0.219882,7.403835,0.219882,0.000695
0.246117,7.409258,0.246117,0.000848
0.272352,7.415329,0.272352,0.001032
0.298587,7.422057,0.298587,0.001248
0.324823,7.429459,0.324823,0.001507
0.351058,7.437546,0.351058,0.001816
0.377293,7.446334,0.377293,0.002183
0.403528,7.455841,0.403528,0.002618
0.429764,7.466081,0.429764,0.003137
0.455999,7.477073,0.455999,0.003743
0.482234,7.48884,0.482234,0.004454
0.5084689999999999,7.501403,0.5084689999999999,0.005291
0.534704,7.514783,0.534704,0.006265
0.56094,7.529004,0.56094,0.007408
0.587175,7.544087,0.587175,0.008730999999999999
0.61341,7.560062,0.61341,0.010259
0.639645,7.576957,0.639645,0.012031
0.6658809999999999,7.594787,0.6658809999999999,0.014089
0.692116,7.613581,0.692116,0.016437
0.718351,7.633372,0.718351,0.019132
0.744586,7.654183,0.744586,0.022217
0.770821,7.676042,0.770821,0.025736
0.797057,7.698972,0.797057,0.029743
0.823292,7.722996,0.823292,0.034294
0.849527,7.748136,0.849527,0.03945
0.875762,7.774412,0.875762,0.045273
0.901998,7.801842,0.901998,0.051835
0.928233,7.830437,0.928233,0.059219
0.954468,7.860208,0.954468,0.067491
0.980703,7.891162,0.980703,0.07674499999999999
1.006938,7.923301,1.006938,0.087065
1.033174,7.956621,1.033174,0.09855
1.059409,7.991111,1.059409,0.111297
1.085644,8.026754,1.085644,0.125409
1.111879,8.063529000000001,1.111879,0.140992
1.138115,8.101402,1.138115,0.158157
1.16435,8.140333,1.16435,0.177019
1.190585,8.180270999999999,1.190585,0.197689
1.21682,8.221159999999999,1.21682,0.220286
1.243055,8.262928,1.243055,0.244928
1.269291,8.305493999999999,1.269291,0.271733
1.295526,8.348768,1.295526,0.300815
1.321761,8.392647999999999,1.321761,0.332289
1.347996,8.437016,1.347996,0.366267
1.374232,8.48175,1.374232,0.402853
1.400467,8.52671,1.400467,0.442149
1.426702,8.571745,1.426702,0.484249
1.452937,8.616694000000001,1.452937,0.529239
1.479172,8.661386,1.479172,0.577197
1.505408,8.705636,1.505408,0.628184
1.531643,8.749249000000001,1.531643,0.682257
1.557878,8.792026,1.557878,0.7394539999999999
1.584113,8.833750999999999,1.584113,0.799801
1.610349,8.874207,1.610349,0.863306
1.636584,8.913169,1.636584,0.929963
1.662819,8.950405,1.662819,0.999742
1.689054,8.985683,1.689054,1.072602
1.715289,9.018768,1.715289,1.148475
1.741525,9.049422,1.741525,1.227278
1.76776,9.077412000000001,1.76776,1.308904
1.793995,9.102506,1.793995,1.393223
1.82023,9.124478999999999,1.82023,1.480088
1.846466,9.143113,1.846466,1.569328
1.872701,9.158199,1.872701,1.66075
1.898936,9.169539,1.898936,1.754142
1.925171,9.17695,1.925171,1.849271
1.951406,9.180263999999999,1.951406,1.945887
1.977642,9.179328,1.977642,2.04372
2.003877,9.174009,2.003877,2.142485
2.030112,9.164198000000001,2.030112,2.24188
2.056347,9.149803,2.056347,2.34159
2.082583,9.13076,2.082583,2.441293
2.108818,9.107027,2.108818,2.540651
2.135053,9.078590999999999,2.135053,2.639322
2.161288,9.045465,2.161288,2.73696
2.187523,9.007688,2.187523,2.833217
2.213759,8.965328,2.213759,2.927743
2.239994,8.918483999999999,2.239994,3.020195
2.266229,8.867278000000001,2.266229,3.110231
2.292464,8.811864999999999,2.292464,3.197521
2.3187,8.752424,2.3187,3.281744
2.344935,8.689162,2.344935,3.362594
2.37117,8.622310000000001,2.37117,3.439781
2.397405,8.552122000000001,2.397405,3.513034
2.42364,8.478876,2.42364,3.5821
2.449876,8.402870999999999,2.449876,3.646753
2.476111,8.324425,2.476111,3.706787
2.502346,8.243869,2.502346,3.762029
2.528581,8.161550999999999,2.528581,3.812329
2.554817,8.077831,2.554817,3.857569
2.581052,7.993075,2.581052,3.897666
2.607287,7.907655,2.607287,3.932559
2.633522,7.821949,2.633522,3.962222
2.659757,7.736332,2.659757,3.986664
2.685993,7.651182,2.685993,4.005923
2.712228,7.566868,2.712228,4.020071
2.738463,7.483752,2.738463,4.029207
2.764698,7.402185,2.764698,4.033466
2.790934,7.322505,2.790934,4.033004
2.817169,7.245034,2.817169,4.028008
2.843404,7.170079,2.843404,4.01869
2.869639,7.097926,2.869639,4.005283
2.895874,7.028838,2.895874,3.988048
2.92211,6.963056,2.92211,3.967257
2.948345,6.900797,2.948345,3.943203
2.97458,6.842253,2.97458,3.916191
3.000815,6.787589,3.000815,3.886539
3.027051,6.736941,3.027051,3.854573
3.053286,6.690423,3.053286,3.820624
3.079521,6.648117,3.079521,3.785029
3.105756,6.610081,3.105756,3.748126
3.131991,6.576345,3.131991,3.710248
3.158227,6.546916,3.158227,3.671728
3.184462,6.521772,3.184462,3.632893
3.210697,6.50087,3.210697,3.594061
3.236932,6.484143,3.236932,3.555538
3.263168,6.471506,3.263168,3.517621
3.289403,6.462852,3.289403,3.480594
3.315638,6.458055,3.315638,3.444727
3.341873,6.456976,3.341873,3.410273
3.368108,6.459459,3.368108,3.377467
3.394344,6.465336,3.394344,3.346534
3.420579,6.47443,3.420579,3.317674
3.446814,6.486552,3.446814,3.291074
3.473049,6.501506,3.473049,3.266904
3.499285,6.519091,3.499285,3.245315
3.52552,6.539099,3.52552,3.226441
3.551755,6.561321,3.551755,3.210401
3.57799,6.585545,3.57799,3.197295
3.604225,6.611555,3.604225,3.187211
3.630461,6.63914,3.630461,3.180219
3.656696,6.668086,3.656696,3.176376
3.682931,6.698181,3.682931,3.175729
3.709166,6.729214,3.709166,3.178306
3.735402,6.76098,3.735402,3.184125
3.761637,6.793273,3.761637,3.193196
3.787872,6.825892,3.787872,3.205513
3.814107,6.858637,3.814107,3.221063
3.840342,6.891315,3.840342,3.239821
3.866578,6.923734,3.866578,3.261756
3.892813,6.955706,3.892813,3.286821
3.919048,6.987048,3.919048,3.314965
3.945283,7.017579,3.945283,3.346129
3.971519,7.047123,3.971519,3.38024
3.997754,7.075509,3.997754,3.41722
4.023989,7.10257,4.023989,3.456982
4.050224,7.128141,4.050224,3.499426
4.076459,7.152068,4.076459,3.544446
4.102695,7.174197,4.102695,3.591928
4.12893,7.194383,4.12893,3.641745
4.155165,7.212488,4.155165,3.693763
4.1814,7.228381,4.1814,3.747836
4.207636,7.24194,4.207636,3.803816
4.233871,7.253049,4.233871,3.861536
4.260106,7.261606,4.260106,3.920828
4.286341,7.267516,4.286341,3.981511
4.312576,7.270702,4.312576,4.043392
4.338812,7.271095,4.338812,4.106293
4.365047,7.268638,4.365047,4.170002
4.391282,7.26329,4.391282,4.234322
4.417517,7.255027,4.417517,4.299037
4.443753,7.243837,4.443753,4.363942
4.469988,7.229726,4.469988,4.428819
4.496223,7.212718,4.496223,4.493457
4.522458,7.192849,4.522458,4.557644
4.548693,7.170177,4.548693,4.621171
4.574929,7.144777,4.574929,4.683827
4.601164,7.116735,4.601164,4.745434
4.627399,7.086164,4.627399,4.80577
4.653634,7.053182,4.653634,4.864706
4.67987,7.017915,4.67987,4.922039
4.706105,6.98052,4.706105,4.977622
4.73234,6.941154,4.73234,5.031322
4.758575,6.899988,4.758575,5.083005
4.78481,6.857204,4.78481,5.132574
4.811046,6.81299,4.811046,5.17993
4.837281,6.76754,4.837281,5.225002
4.863516,6.721058,4.863516,5.267739
4.889751,6.673743,4.889751,5.308111
4.915987,6.6258,4.915987,5.346099
4.942222,6.577428,4.942222,5.38172
4.968457,6.528822,4.968457,5.414996
4.994692,6.480176,4.994692,5.445965
5.020927,6.431675,5.020927,5.4747
5.047163,6.383497,5.047163,5.501268
5.073398,6.335806,5.073398,5.525781
5.099633,6.288753,5.099633,5.548343
5.125868,6.242479,5.125868,5.56907
5.152104,6.197118,5.152104,5.588092
5.178339,6.152779,5.178339,5.605583
5.204574,6.109549,5.204574,5.621674
5.230809,6.067511,5.230809,5.636527
5.257044,6.026726,5.257044,5.650306
5.28328,5.98724,5.28328,5.663176
5.309515,5.94908,5.309515,5.675302
5.33575,5.912258,5.33575,5.68685
5.361985,5.876769,5.361985,5.697983
5.388221,5.842589,5.388221,5.708858
5.414456,5.809689,5.414456,5.719616
5.440691,5.778017,5.440691,5.730414
5.466926,5.747509,5.466926,5.741378
5.493161,5.718092,5.493161,5.752631
5.519397,5.689683,5.519397,5.764283
5.545632,5.66219,5.545632,5.77643
5.571867,5.635513,5.571867,5.78916
5.598102,5.609549,5.598102,5.802546
5.624338,5.584186,5.624338,5.816641
5.650573,5.559315,5.650573,5.831489
5.676808,5.534826,5.676808,5.847124
5.703043,5.510603,5.703043,5.86356
5.729278,5.486539,5.729278,5.880797
5.755514,5.46253,5.755514,5.898827
5.781749,5.438473,5.781749,5.917629
5.807984,5.414273,5.807984,5.937171
5.834219,5.389843,5.834219,5.957409
5.860455,5.365102,5.860455,5.978293
5.88669,5.339978,5.88669,5.999763
5.912925,5.314408,5.912925,6.021753
5.93916,5.288341,5.93916,6.044191
5.965395,5.261736,5.965395,6.067001
5.991631,5.234561,5.991631,6.090108
6.017866,5.206794,6.017866,6.113435
6.044101,5.178425,6.044101,6.136899
6.070336,5.149454,6.070336,6.160424
6.096572,5.119891,6.096572,6.183937
6.122807,5.089756,6.122807,6.207364
6.149042,5.059075,6.149042,6.230645
6.175277,5.027886,6.175277,6.253716
6.201512,4.996232,6.201512,6.276527
6.227748,4.964162,6.227748,6.299031
6.253983,4.931734,6.253983,6.321193
6.280218,4.899004,6.280218,6.342988
6.306453,4.866037,6.306453,6.364398
6.332689,4.832897,6.332689,6.385414
6.358924,4.799651,6.358924,6.406042
6.385159,4.766363,6.385159,6.426294
6.411394,4.733096,6.411394,6.446195
6.437629,4.699913,6.437629,6.465776
6.463865,4.666872,6.463865,6.485081
6.4901,4.634024,6.4901,6.504167
6.516335,4.601417,6.516335,6.523092
6.54257,4.569088,6.54257,6.541929
6.568806,4.537069,6.568806,6.560752
6.595041,4.505385,6.595041,6.579647
6.621276,4.474047,6.621276,6.598705
6.647511,4.443055,6.647511,6.618019
6.673746,4.412402,6.673746,6.637684
6.699982,4.382066,6.699982,6.657801
6.726217,4.352018,6.726217,6.678467
6.752452,4.322213,6.752452,6.699786
6.778687,4.292592,6.778687,6.721853
6.804923,4.263089,6.804923,6.744763
6.831158,4.233621,6.831158,6.768603
6.857393,4.204099,6.857393,6.793458
6.883628,4.174419,6.883628,6.819402
6.909863,4.144467,6.909863,6.846505
6.936099,4.11412,6.936099,6.874824
6.962334,4.083243,6.962334,6.904404
6.988569,4.051699,6.988569,6.935277
7.014804,4.019337,7.014804,6.967467
7.04104,3.986005,7.04104,7.000977
7.067275,3.951547,7.067275,7.035796
7.09351,3.915804,7.09351,7.071901
7.119745,3.878612,7.119745,7.109256
7.14598,3.83981,7.14598,7.147797
7.172216,3.799237,7.172216,7.187453
7.198451,3.756737,7.198451,7.228132
7.224686,3.712159,7.224686,7.269723
7.250921,3.665358,7.250921,7.312103
7.277157,3.616199,7.277157,7.355133
7.303392,3.564554,7.303392,7.398657
7.329627,3.510309,7.329627,7.442504
7.355862,3.453361,7.355862,7.486493
7.382097,3.393623,7.382097,7.530425
7.408333,3.331023,7.408333,7.574096
7.434568,3.265505,7.434568,7.617291
7.460803,3.197031,7.460803,7.659786
7.487038,3.125582,7.487038,7.701353
7.513274,3.051158,7.513274,7.741758
7.539509,2.973777,7.539509,7.780766
7.565744,2.893478,7.565744,7.818142
7.591979,2.810321,7.591979,7.853652
7.618214,2.724382,7.618214,7.887066
7.64445,2.635759,7.64445,7.91816
7.670685,2.54457,7.670685,7.946715
7.69692,2.450949,7.69692,7.972524
7.723155,2.355049,7.723155,7.995393
7.749391,2.257035,7.749391,8.015138
7.775626,2.157091,7.775626,8.03159
7.801861,2.055411,7.801861,8.044596
7.828096,1.952205,7.828096,8.054019
7.854331,1.847688,7.854331,8.059744
7.880567,1.742087,7.880567,8.061671
7.906802,1.635632,7.906802,8.05972
7.933037,1.528561,7.933037,8.053832
7.959272,1.421112,7.959272,8.043965999999999
7.985508,1.313526,7.985508,8.030103
8.011742999999999,1.206043,8.011742999999999,8.012243
8.037978000000001,1.098898,8.037978000000001,7.990407
8.064213000000001,0.992322,8.064213000000001,7.964632
8.090448,0.886541,8.090448,7.934974
8.116683999999999,0.781774,8.116683999999999,7.901507
8.142918999999999,0.6782280000000001,8.142918999999999,7.86432
8.169154000000001,0.576103,8.169154000000001,7.823514
8.195389,0.475587,8.195389,7.77921
8.221625,0.376852,8.221625,7.731535
8.247859999999999,0.280062,8.247859999999999,7.680626
8.274095000000001,0.185365,8.274095000000001,7.626632
8.300330000000001,0.09289699999999999,8.300330000000001,7.569707
8.326565,0.002778,8.326565,7.510013
8.352800999999999,-0.084884,8.352800999999999,7.447711
8.379035999999999,-0.169997,8.379035999999999,7.382973
8.405271000000001,-0.252481,8.405271000000001,7.315965
8.431506000000001,-0.332269,8.431506000000001,7.246853
8.457742,-0.409307,8.457742,7.17581
8.483976999999999,-0.483553,8.483976999999999,7.102999
8.510211999999999,-0.554978,8.510211999999999,7.028581
8.536447000000001,-0.623559,8.536447000000001,6.952717
8.562682000000001,-0.689287,8.562682000000001,6.875561
8.588918,-0.7521600000000001,8.588918,6.797261
8.615152999999999,-0.812185,8.615152999999999,6.717961
8.641387999999999,-0.869374,8.641387999999999,6.6378
8.667623000000001,-0.923747,8.667623000000001,6.556909
8.693859,-0.9753309999999999,8.693859,6.475413
8.720094,-1.024155,8.720094,6.393435
8.746328999999999,-1.070252,8.746328999999999,6.311083
8.772563999999999,-1.11366,8.772563999999999,6.228473
8.798799000000001,-1.154422,8.798799000000001,6.145704
8.825035,-1.19258,8.825035,6.062872
8.85127,-1.228179,8.85127,5.980071
8.877504999999999,-1.261265,8.877504999999999,5.897386
8.903740000000001,-1.291886,8.903740000000001,5.814903
8.929976,-1.320092,8.929976,5.732702
8.956211,-1.345934,8.956211,5.650857
8.982445999999999,-1.369462,8.982445999999999,5.569438
9.008680999999999,-1.390729,9.008680999999999,5.488517
9.034916000000001,-1.409787,9.034916000000001,5.408159
9.061152,-1.426691,9.061152,5.328425
9.087387,-1.441494,9.087387,5.249376
9.113621999999999,-1.454253,9.113621999999999,5.171068
9.139856999999999,-1.465022,9.139856999999999,5.093558
9.166093,-1.473859,9.166093,5.016896
9.192328,-1.480823,9.192328,4.941132
9.218563,-1.485972,9.218563,4.866313
9.244797999999999,-1.489367,9.244797999999999,4.792483
9.271032999999999,-1.491067,9.271032999999999,4.719679
9.297269,-1.491132,9.297269,4.647943
9.323504,-1.489627,9.323504,4.57731
9.349739,-1.486611,9.349739,4.507811
9.375973999999999,-1.48215,9.375973999999999,4.439474
9.40221,-1.476304,9.40221,4.372326
9.428445,-1.469137,9.428445,4.306388
9.45468,-1.460712,9.45468,4.24168
9.480915,-1.45109,9.480915,4.178219
9.507149999999999,-1.440334,9.507149999999999,4.116016
9.533386,-1.428504,9.533386,4.055083
9.559621,-1.41566,9.559621,3.995423
9.585856,-1.40186,9.585856,3.937043
9.612090999999999,-1.387162,9.612090999999999,3.879943
9.638327,-1.371621,9.638327,3.824122
9.664562,-1.35529,9.664562,3.769575
9.690797,-1.338223,9.690797,3.716297
9.717032,-1.320468,9.717032,3.664281
9.743266999999999,-1.302075,9.743266999999999,3.613517
9.769503,-1.283089,9.769503,3.563993
9.795738,-1.263553,9.795738,3.515698
9.821973,-1.243511,9.821973,3.468619
9.848208,-1.223003,9.848208,3.422743
9.874444,-1.202066,9.874444,3.378053
9.900679,-1.180738,9.900679,3.33454
9.926914,-1.159054,9.926914,3.292183
9.953149,-1.137048,9.953149,3.250969
9.979384,-1.114751,9.979384,3.210883
10.00562,-1.092194,10.00562,3.171908
10.031855,-1.069407,10.031855,3.134033
10.05809,-1.04642,10.05809,3.09724
10.084325,-1.02326,10.084325,3.061515
10.110561,-0.999955,10.110561,3.026843
10.136796,-0.976532,10.136796,2.99321
10.163031,-0.953017,10.163031,2.9606
10.189266,-0.929436,10.189266,2.928997
10.215501,-0.905814,10.215501,2.898387
10.241737,-0.882178,10.241737,2.868757
10.267972,-0.858551,10.267972,2.840088
10.294207,-0.834959,10.294207,2.812363
10.320442,-0.811425,10.320442,2.785566
10.346678,-0.787973,10.346678,2.75968
10.372913,-0.764626,10.372913,2.734685
10.399148,-0.741407,10.399148,2.710563
10.425383,-0.718338,10.425383,2.687294
10.451618,-0.6954399999999999,10.451618,2.664858
10.477854,-0.672733,10.477854,2.643232
10.504089,-0.650238,10.504089,2.622393
10.530324,-0.627972,10.530324,2.602322
10.556559,-0.605953,10.556559,2.582991
10.582795,-0.584198,10.582795,2.564378
10.60903,-0.562721,10.60903,2.546458
10.635265,-0.541537,10.635265,2.529205
10.6615,-0.520657,10.6615,2.512593
10.687735,-0.500092,10.687735,2.496597
10.713971,-0.479854,10.713971,2.481192
10.740206,-0.459949,10.740206,2.466351
10.766441,-0.440386,10.766441,2.452048
10.792676,-0.421169,10.792676,2.438258
10.818912,-0.402303,10.818912,2.424956
10.845147,-0.383792,10.845147,2.412118
10.871382,-0.365638,10.871382,2.399718
10.897617,-0.347842,10.897617,2.387734
10.923852,-0.330404,10.923852,2.376143
10.950088,-0.313324,10.950088,2.364922
10.976323,-0.2966,10.976323,2.354048
11.002558,-0.280231,11.002558,2.343502
11.028793,-0.264212,11.028793,2.333263
11.055029,-0.248542,11.055029,2.323312
11.081264,-0.233217,11.081264,2.31363
11.107499,-0.218234,11.107499,2.304197
11.133734,-0.203586,11.133734,2.294995
11.159969,-0.18927,11.159969,2.286009
11.186205,-0.175281,11.186205,2.277219
11.21244,-0.161614,11.21244,2.26861
11.238675,-0.148263,11.238675,2.260162
11.26491,-0.135223,11.26491,2.251861
11.291146,-0.122485,11.291146,2.243689
11.317381,-0.110044,11.317381,2.235631
11.343616,-0.09789299999999999,11.343616,2.22767
11.369851,-0.086024,11.369851,2.21979
11.396086,-0.07442699999999999,11.396086,2.211974
11.422322,-0.063093,11.422322,2.204206
11.448557,-0.052013,11.448557,2.19647
11.474792,-0.041174,11.474792,2.188751
11.501027,-0.030564,11.501027,2.181031
11.527263,-0.020171,11.527263,2.1733
11.553498,-0.009981,11.553498,2.165538
11.579733,2.3e-05,11.579733,2.157734
11.605968,0.009856999999999999,11.605968,2.149874
11.632203,0.019538,11.632203,2.141946
11.658439,0.029086,11.658439,2.13394
11.684674,0.038519,11.684674,2.125844
11.710909,0.047859,11.710909,2.117651
11.737144,0.057127,11.737144,2.109354
11.76338,0.066346,11.76338,2.100948
11.789615,0.07553700000000001,11.789615,2.092428
11.81585,0.08472499999999999,11.81585,2.083795
11.842085,0.093933,11.842085,2.075047
11.86832,0.103185,11.86832,2.06619
11.894556,0.112504,11.894556,2.057225
11.920791,0.121913,11.920791,2.04816
11.947026,0.131436,11.947026,2.039005
11.973261,0.141094,11.973261,2.02977
11.999497,0.150907,11.999497,2.020468
12.025732,0.160896,12.025732,2.011116
12.051967,0.17108,12.051967,2.001728
12.078202,0.181475,12.078202,1.992322
12.104437,0.192098,12.104437,1.982921
12.130673,0.202961,12.130673,1.973545
12.156908,0.214077,12.156908,1.964218
12.183143,0.225454,12.183143,1.954961
12.209378,0.237101,12.209378,1.945799
12.235614,0.249023,12.235614,1.936759
12.261849,0.261224,12.261849,1.927863
12.288084,0.273705,12.288084,1.919138
12.314319,0.286465,12.314319,1.91061
12.340554,0.2995,12.340554,1.902304
12.36679,0.312806,12.36679,1.894242
12.393025,0.326376,12.393025,1.88645
12.41926,0.3402,12.41926,1.878951
12.445495,0.354269,12.445495,1.871767
12.471731,0.368568,12.471731,1.864918
12.497966,0.383085,12.497966,1.858422
12.524201,0.397805,12.524201,1.8523
12.550436,0.41271,12.550436,1.846566
12.576671,0.427784,12.576671,1.841238
12.602907,0.443008,12.602907,1.836326
12.629142,0.458364,12.629142,1.831843
12.655377,0.47383,12.655377,1.827799
12.681612,0.489388,12.681612,1.824203
12.707848,0.505017,12.707848,1.82106
12.734083,0.520697,12.734083,1.818377
12.760318,0.536407,12.760318,1.816156
12.786553,0.552127,12.786553,1.814399
12.812788,0.567838,12.812788,1.813106
12.839024,0.583519,12.839024,1.812276
12.865259,0.599151,12.865259,1.811908
12.891494,0.614717,12.891494,1.811995
12.917729,0.630198,12.917729,1.812534
12.943965,0.645578,12.943965,1.813518
12.9702,0.660841,12.9702,1.814941
12.996435,0.675972,12.996435,1.816794
13.02267,0.690957,13.02267,1.819069
13.048905,0.705782,13.048905,1.821755
13.075141,0.720436,13.075141,1.824844
13.101376,0.734908,13.101376,1.828324
13.127611,0.749188,13.127611,1.832184
13.153846,0.763267,13.153846,1.836416
13.180082,0.777139,13.180082,1.841007
13.206317,0.7907960000000001,13.206317,1.845946
13.232552,0.8042319999999999,13.232552,1.851224
13.258787,0.817443,13.258787,1.85683
13.285022,0.830427,13.285022,1.862753
13.311258,0.843178,13.311258,1.868986
13.337493,0.855696,13.337493,1.87552
13.363728,0.867978,13.363728,1.882346
13.389963,0.880023,13.389963,1.889457
13.416199,0.891831,13.416199,1.896848
13.442434,0.903402,13.442434,1.904511
13.468669,0.914735,13.468669,1.912444
13.494904,0.925829,13.494904,1.920643
13.521139,0.936685,13.521139,1.929104
13.547375,0.9473009999999999,13.547375,1.937827
13.57361,0.957676,13.57361,1.94681
13.599845,0.967809,13.599845,1.956052
13.62608,0.977697,13.62608,1.965555
13.652316,0.987337,13.652316,1.975319
13.678551,0.996725,13.678551,1.985346
13.704786,1.005856,13.704786,1.995638
13.731021,1.014723,13.731021,2.006196
13.757256,1.02332,13.757256,2.017022
13.783492,1.031637,13.783492,2.028119
13.809727,1.039667,13.809727,2.039488
13.835962,1.047397,13.835962,2.051128
13.862197,1.054816,13.862197,2.063042
13.888433,1.061911,13.888433,2.075227
13.914668,1.068669,13.914668,2.087683
13.940903,1.075074,13.940903,2.100406
13.967138,1.081111,13.967138,2.113392
13.993373,1.086764,13.993373,2.126633
14.019609,1.092017,14.019609,2.140122
14.045844,1.096853,14.045844,2.153849
14.072079,1.101254,14.072079,2.167805
14.098314,1.105205,14.098314,2.181973
14.12455,1.108689,14.12455,2.196339
14.150785,1.111691,14.150785,2.210886
14.17702,1.114196,14.17702,2.225593
14.203255,1.11619,14.203255,2.240439
14.22949,1.117662,14.22949,2.255401
14.255726,1.1186,14.255726,2.270455
14.281961,1.118994,14.281961,2.285573
14.308196,1.118839,14.308196,2.300726
14.334431,1.118128,14.334431,2.315884
14.360667,1.116861,14.360667,2.331019
14.386902,1.115036,14.386902,2.346096
14.413137,1.112656,14.413137,2.361085
14.439372,1.109727,14.439372,2.375955
14.465607,1.106255,14.465607,2.390671
14.491843,1.102252,14.491843,2.405201
14.518078,1.097732,14.518078,2.419515
14.544313,1.092709,14.544313,2.433579
14.570548,1.087205,14.570548,2.447364
14.596784,1.081241,14.596784,2.460843
14.623019,1.07484,14.623019,2.473987
14.649254,1.068031,14.649254,2.486772
14.675489,1.060842,14.675489,2.499175
14.701724,1.053305,14.701724,2.511175
14.72796,1.045453,14.72796,2.522755
14.754195,1.037322,14.754195,2.5339
14.78043,1.028948,14.78043,2.544598
14.806665,1.020368,14.806665,2.55484
14.832901,1.011623,14.832901,2.564621
14.859136,1.002752,14.859136,2.573942
14.885371,0.993793,14.885371,2.582802
14.911606,0.984789,14.911606,2.591208
14.937841,0.975777,14.937841,2.59917
14.964077,0.966797,14.964077,2.606702
14.990312,0.957888,14.990312,2.61382
15.016547,0.949086,15.016547,2.620546
15.042782,0.940425,15.042782,2.626904
15.069018,0.93194,15.069018,2.632923
15.095253,0.92366,15.095253,2.638634
15.121488,0.915615,15.121488,2.644072
15.147723,0.907828,15.147723,2.649274
15.173958,0.900323,15.173958,2.654281
15.200194,0.893117,15.200194,2.659136
15.226429,0.886226,15.226429,2.663885
15.252664,0.879659,15.252664,2.668574
15.278899,0.873424,15.278899,2.673252
15.305135,0.867521,15.305135,2.67797
15.33137,0.86195,15.33137,2.682776
15.357605,0.856701,15.357605,2.687724
15.38384,0.851763,15.38384,2.692861
15.410075,0.84712,15.410075,2.69824
15.436311,0.84275,15.436311,2.703909
15.462546,0.838625,15.462546,2.709916
15.488781,0.834717,15.488781,2.716305
15.515016,0.8309879999999999,15.515016,2.72312
15.541252,0.827398,15.541252,2.730402
15.567487,0.823906,15.567487,2.738186
15.593722,0.820462,15.593722,2.746507
15.619957,0.817015,15.619957,2.755392
15.646192,0.813511,15.646192,2.764867
15.672428,0.809894,15.672428,2.77495
15.698663,0.806103,15.698663,2.785657
15.724898,0.802078,15.724898,2.796996
15.751133,0.797755,15.751133,2.808971
15.777369,0.793071,15.777369,2.821579
15.803604,0.787961,15.803604,2.834813
15.829839,0.782363,15.829839,2.848656
15.856074,0.776212,15.856074,2.863091
15.882309,0.769446,15.882309,2.878089
15.908545,0.762006,15.908545,2.89362
15.93478,0.753834,15.93478,2.909646
15.961015,0.744873,15.961015,2.926124
15.98725,0.7350719999999999,15.98725,2.943005
16.013486,0.724383,16.013486,2.960237
16.039721,0.712762,16.039721,2.977763
16.065956,0.700169,16.065956,2.995521
16.092191,0.686568,16.092191,3.013446
16.118426,0.6719309999999999,16.118426,3.03147
16.144662,0.656232,16.144662,3.049521
16.170897,0.639454,16.170897,3.067528
16.197132,0.621583,16.197132,3.085415
16.223367,0.602611,16.223367,3.103105
16.249603,0.582537,16.249603,3.120524
16.275838,0.561366,16.275838,3.137594
16.302073,0.539107,16.302073,3.15424
16.328308,0.515777,16.328308,3.170386
16.354543,0.491397,16.354543,3.18596
16.380779,0.465994,16.380779,3.200888
16.407014,0.4396,16.407014,3.215105
16.433249,0.412252,16.433249,3.22854
16.459484,0.383991,16.459484,3.241133
16.48572,0.354862,16.48572,3.252823
16.511955,0.324916,16.511955,3.263555
16.53819,0.294205,16.53819,3.273277
16.564425,0.262786,16.564425,3.281942
16.59066,0.230718,16.59066,3.289506
16.616896,0.198062,16.616896,3.295932
16.643131,0.164882,16.643131,3.301186
16.669366,0.131242,16.669366,3.30524
16.695601,0.09721,16.695601,3.308069
16.721837,0.062851,16.721837,3.309653
16.748072,0.028233,16.748072,3.30998
16.774307,-0.006575,16.774307,3.309039
16.800542,-0.041508,16.800542,3.306825
16.826777,-0.076497,16.826777,3.303338
16.853013,-0.111478,16.853013,3.298579
16.879248,-0.146385,16.879248,3.29256
16.905483,-0.181155,16.905483,3.28529
16.931718,-0.215725,16.931718,3.276785
16.957954,-0.250038,16.957954,3.267064
16.984189,-0.284033,16.984189,3.25615
17.010424,-0.317656,17.010424,3.244066
17.036659,-0.350853,17.036659,3.230844
17.062894,-0.383573,17.062894,3.216511
17.08913,-0.415766,17.08913,3.201103
17.115365,-0.447389,17.115365,3.184654
17.1416,-0.478395,17.1416,3.167202
17.167835,-0.508745,17.167835,3.148785
17.194071,-0.538401,17.194071,3.129444
17.220306,-0.567327,17.220306,3.109222
17.246541,-0.59549,17.246541,3.088161
17.272776,-0.6228590000000001,17.272776,3.066307
17.299011,-0.649407,17.299011,3.043703
17.325247,-0.675109,17.325247,3.020397
17.351482,-0.699943,17.351482,2.996434
17.377717,-0.723888,17.377717,2.971862
17.403952,-0.746928,17.403952,2.946727
17.430188,-0.769047,17.430188,2.921077
17.456423,-0.790233,17.456423,2.894961
17.482658,-0.8104749999999999,17.482658,2.868426
17.508893,-0.829767,17.508893,2.84152
17.535128,-0.848102,17.535128,2.814289
17.561364,-0.865479,17.561364,2.786783
17.587599,-0.881895,17.587599,2.759048
17.613834,-0.897354,17.613834,2.731131
17.640069,-0.91186,17.640069,2.703076
17.666305,-0.925417,17.666305,2.674931
17.69254,-0.938035,17.69254,2.646739
17.718775,-0.949725,17.718775,2.618546
17.74501,-0.960499,17.74501,2.590393
17.771245,-0.970373,17.771245,2.562323
17.797481,-0.979363,17.797481,2.534375
17.823716,-0.987488,17.823716,2.506591
17.849951,-0.994769,17.849951,2.479007
17.876186,-1.00123,17.876186,2.451659
17.902422,-1.006894,17.902422,2.424582
17.928657,-1.011788,17.928657,2.39781
17.954892,-1.015939,17.954892,2.371373
17.981127,-1.019377,17.981127,2.345301
18.007362,-1.022131,18.007362,2.319619
18.033598,-1.024235,18.033598,2.294353
18.059833,-1.025719,18.059833,2.269524
18.086068,-1.026617,18.086068,2.245155
18.112303,-1.026964,18.112303,2.22126
18.138539,-1.026794,18.138539,2.197857
18.164774,-1.026141,18.164774,2.174959
18.191009,-1.025041,18.191009,2.152575
18.217244,-1.023528,18.217244,2.130715
18.243479,-1.021637,18.243479,2.109385
18.269715,-1.019403,18.269715,2.088586
18.29595,-1.01686,18.29595,2.068322
18.322185,-1.01404,18.322185,2.048591
18.34842,-1.010977,18.34842,2.029391
18.374656,-1.007701,18.374656,2.010716
18.400891,-1.004243,18.400891,1.992561
18.427126,-1.000632,18.427126,1.974917
18.453361,-0.996897,18.453361,1.957774
18.479596,-0.993063,18.479596,1.941121
18.505832,-0.989156,18.505832,1.924945
18.532067,-0.985201,18.532067,1.909233
18.558302,-0.98122,18.558302,1.893969
18.584537,-0.977232,18.584537,1.879138
18.610773,-0.973258,18.610773,1.864723
18.637008,-0.969314,18.637008,1.850708
18.663243,-0.965418,18.663243,1.837073
18.689478,-0.961583,18.689478,1.823803
18.715713,-0.957822,18.715713,1.810878
18.741949,-0.954148,18.741949,1.79828
18.768184,-0.950569,18.768184,1.78599
18.794419,-0.947096,18.794419,1.773992
18.820654,-0.943734,18.820654,1.762268
18.84689,-0.940492,18.84689,1.750798
18.873125,-0.937372,18.873125,1.739566
18.89936,-0.934381,18.89936,1.728556
18.925595,-0.931519,18.925595,1.71775
18.95183,-0.92879,18.95183,1.707133
18.978066,-0.926193,18.978066,1.69669
19.004301,-0.9237300000000001,19.004301,1.686405
19.030536,-0.921399,19.030536,1.676266
19.056771,-0.9192,19.056771,1.66626
19.083007,-0.917131,19.083007,1.656371
19.109242,-0.915189,19.109242,1.646589
19.135477,-0.913372,19.135477,1.636903
19.161712,-0.911677,19.161712,1.627302
19.187947,-0.9101,19.187947,1.617775
19.214183,-0.908637,19.214183,1.608312
19.240418,-0.907285,19.240418,1.598906
19.266653,-0.906039,19.266653,1.589547
19.292888,-0.904896,19.292888,1.580229
19.319124,-0.90385,19.319124,1.570942
19.345359,-0.9028969999999999,19.345359,1.561681
19.371594,-0.902033,19.371594,1.552439
19.397829,-0.901254,19.397829,1.543211
19.424064,-0.900554,19.424064,1.533989
19.4503,-0.899929,19.4503,1.52477
19.476535,-0.899375,19.476535,1.515549
19.50277,-0.898887,19.50277,1.50632
19.529005,-0.89846,19.529005,1.497079
19.555241,-0.898091,19.555241,1.487823
19.581476,-0.897774,19.581476,1.478548
19.607711,-0.897506,19.607711,1.46925
19.633946,-0.897282,19.633946,1.459925
19.660181,-0.897098,19.660181,1.450571
19.686417,-0.896949,19.686417,1.441183
19.712652,-0.896831,19.712652,1.431762
19.738887,-0.896741,19.738887,1.422303
19.765122,-0.896675,19.765122,1.412801
19.791358,-0.896628,19.791358,1.403257
19.817593,-0.896594,19.817593,1.393665
19.843828,-0.896571,19.843828,1.384026
19.870063,-0.896554,19.870063,1.374336
19.896298,-0.8965379999999999,19.896298,1.364592
19.922534,-0.896519,19.922534,1.354794
19.948769,-0.896491,19.948769,1.34494
19.975004,-0.896452,19.975004,1.335027
20.001239,-0.896396,20.001239,1.325053
20.027475,-0.896317,20.027475,1.315018
20.05371,-0.896212,20.05371,1.30492
20.079945,-0.896074,20.079945,1.294757
20.10618,-0.895899,20.10618,1.284529
20.132415,-0.895682,20.132415,1.274233
20.158651,-0.895415,20.158651,1.26387
20.184886,-0.8950939999999999,20.184886,1.253439
20.211121,-0.894713,20.211121,1.242939
20.237356,-0.8942639999999999,20.237356,1.232371
20.263592,-0.893743,20.263592,1.221735
20.289827,-0.893141,20.289827,1.211031
20.316062,-0.892452,20.316062,1.200262
20.342297,-0.89167,20.342297,1.189429
20.368532,-0.890787,20.368532,1.178532
20.394768,-0.889796,20.394768,1.167576
20.421003,-0.88869,20.421003,1.156564
20.447238,-0.8874610000000001,20.447238,1.145499
20.473473,-0.886103,20.473473,1.134386
20.499709,-0.884607,20.499709,1.12323
20.525944,-0.882968,20.525944,1.112036
20.552179,-0.881178,20.552179,1.100812
20.578414,-0.879231,20.578414,1.089566
20.604649,-0.87712,20.604649,1.078304
20.630885,-0.87484,20.630885,1.067037
20.65712,-0.872385,20.65712,1.055774
20.683355,-0.8697510000000001,20.683355,1.044525
20.70959,-0.866934,20.70959,1.033302
20.735826,-0.863932,20.735826,1.022118
20.762061,-0.860741,20.762061,1.010983
20.788296,-0.857362,20.788296,0.9999130000000001
20.814531,-0.853793,20.814531,0.98892
20.840766,-0.850037,20.840766,0.978019
20.867002,-0.846095,20.867002,0.967224
20.893237,-0.8419720000000001,20.893237,0.956549
20.919472,-0.837673,20.919472,0.94601
20.945707,-0.833205,20.945707,0.935621
20.971943,-0.828576,20.971943,0.925395
20.998178,-0.823796,20.998178,0.9153480000000001
21.024413,-0.818876,21.024413,0.905491
21.050648,-0.813829,21.050648,0.895837
21.076883,-0.80867,21.076883,0.886398
21.103119,-0.803413,21.103119,0.877183
21.129354,-0.798075,21.129354,0.868201
21.155589,-0.792676,21.155589,0.859459
21.181824,-0.787233,21.181824,0.850963
21.20806,-0.781768,21.20806,0.842716
21.234295,-0.776299,21.234295,0.83472
21.26053,-0.77085,21.26053,0.826973
21.286765,-0.76544,21.286765,0.819472
21.313,-0.760091,21.313,0.812213
21.339236,-0.754825,21.339236,0.805187
21.365471,-0.7496620000000001,21.365471,0.798384
21.391706,-0.744622,21.391706,0.791791
21.417941,-0.739723,21.417941,0.785394
21.444177,-0.734984,21.444177,0.779175
21.470412,-0.730419,21.470412,0.773115
21.496647,-0.726043,21.496647,0.767192
21.522882,-0.721868,21.522882,0.761383
21.549117,-0.717903,21.549117,0.755664
21.575353,-0.714156,21.575353,0.750008
21.601588,-0.710631,21.601588,0.744389
21.627823,-0.70733,21.627823,0.738779
21.654058,-0.704252,21.654058,0.733148
21.680294,-0.701392,21.680294,0.72747
21.706529,-0.698742,21.706529,0.721715
21.732764,-0.696294,21.732764,0.715857
21.758999,-0.694033,21.758999,0.70987
21.785234,-0.691944,21.785234,0.703728
21.81147,-0.690009,21.81147,0.697408
21.837705,-0.688205,21.837705,0.69089
21.86394,-0.686511,21.86394,0.684155
21.890175,-0.684901,21.890175,0.677185
21.916411,-0.683348,21.916411,0.669969
21.942646,-0.681824,21.942646,0.662494
21.968881,-0.680299,21.968881,0.6547539999999999
21.995116,-0.678743,21.995116,0.646745
22.021351,-0.677127,22.021351,0.6384649999999999
22.047587,-0.675419,22.047587,0.629918
22.073822,-0.673589,22.073822,0.621109
22.100057,-0.671609,22.100057,0.612047
22.126292,-0.66945,22.126292,0.6027439999999999
22.152528,-0.667084,22.152528,0.593215
22.178763,-0.664487,22.178763,0.583479
22.204998,-0.661635,22.204998,0.573555
22.231233,-0.658507,22.231233,0.563465
22.257468,-0.655083,22.257468,0.553236
22.283704,-0.651348,22.283704,0.542894
22.309939,-0.647288,22.309939,0.532465
22.336174,-0.642892,22.336174,0.521979
22.362409,-0.63815,22.362409,0.511467
22.388645,-0.63306,22.388645,0.500957
22.41488,-0.627616,22.41488,0.490481
22.441115,-0.62182,22.441115,0.480069
22.46735,-0.615675,22.46735,0.469751
22.493585,-0.609187,22.493585,0.459556
22.519821,-0.602362,22.519821,0.449514
22.546056,-0.595213,22.546056,0.43965
22.572291,-0.587751,22.572291,0.429991
22.598526,-0.579991,22.598526,0.420562
22.624762,-0.57195,22.624762,0.411386
22.650997,-0.563646,22.650997,0.402483
22.677232,-0.555098,22.677232,0.393874
22.703467,-0.546328,22.703467,0.385575
22.729702,-0.537359,22.729702,0.377603
22.755938,-0.528213,22.755938,0.369969
22.782173,-0.518914,22.782173,0.362686
22.808408,-0.509486,22.808408,0.355763
22.834643,-0.499955,22.834643,0.349207
22.860879,-0.490346,22.860879,0.343023
22.887114,-0.480684,22.887114,0.337213
22.913349,-0.470995,22.913349,0.33178
22.939584,-0.461303,22.939584,0.326722
22.965819,-0.451634,22.965819,0.322036
22.992055,-0.442013,22.992055,0.317717
23.01829,-0.432462,23.01829,0.313759
23.044525,-0.423006,23.044525,0.310153
23.07076,-0.413667,23.07076,0.306889
23.096996,-0.404467,23.096996,0.303955
23.123231,-0.395427,23.123231,0.301338
23.149466,-0.386566,23.149466,0.299022
23.175701,-0.377903,23.175701,0.29699
23.201936,-0.369454,23.201936,0.295225
23.228172,-0.361236,23.228172,0.293708
23.254407,-0.353263,23.254407,0.292417
23.280642,-0.345547,23.280642,0.291331
23.306877,-0.338099,23.306877,0.290427
23.333113,-0.330928,23.333113,0.289682
23.359348,-0.324041,23.359348,0.289071
23.385583,-0.317444,23.385583,0.28857
23.411818,-0.311138,23.411818,0.288154
23.438053,-0.305126,23.438053,0.287796
23.464289,-0.299406,23.464289,0.287472
23.490524,-0.293975,23.490524,0.287157
23.516759,-0.288827,23.516759,0.286824
23.542994,-0.283956,23.542994,0.286452
23.56923,-0.27935,23.56923,0.286014
23.595465,-0.275,23.595465,0.28549
23.6217,-0.270892,23.6217,0.284858
23.647935,-0.26701,23.647935,0.284097
23.67417,-0.263337,23.67417,0.283191
23.700406,-0.259855,23.700406,0.282121
23.726641,-0.256545,23.726641,0.280873
23.752876,-0.253385,23.752876,0.279435
23.779111,-0.250353,23.779111,0.277797
23.805347,-0.247428,23.805347,0.275948
23.831582,-0.244585,23.831582,0.273885
23.857817,-0.241802,23.857817,0.271603
23.884052,-0.239054,23.884052,0.2691
23.910287,-0.236319,23.910287,0.266379
23.936523,-0.233575,23.936523,0.263441
23.962758,-0.230797,23.962758,0.260293
23.988993,-0.227966,23.988993,0.256943
24.015228,-0.225061,24.015228,0.2534
24.041464,-0.222062,24.041464,0.249676
24.067699,-0.218953,24.067699,0.245783
24.093934,-0.215716,24.093934,0.241738
24.120169,-0.212339,24.120169,0.237555
24.146404,-0.208807,24.146404,0.233253
24.17264,-0.20511,24.17264,0.228848
24.198875,-0.201239,24.198875,0.224361
24.22511,-0.197186,24.22511,0.21981
24.251345,-0.192948,24.251345,0.215217
24.277581,-0.188522,24.277581,0.2106
24.303816,-0.183906,24.303816,0.205979
24.330051,-0.179101,24.330051,0.201372
24.356286,-0.174109,24.356286,0.196799
24.382521,-0.168935,24.382521,0.192277
24.408757,-0.163584,24.408757,0.187823
24.434992,-0.158063,24.434992,0.183454
24.461227,-0.152381,24.461227,0.179184
24.487462,-0.146548,24.487462,0.175027
24.513698,-0.140573,24.513698,0.170995
24.539933,-0.134468,24.539933,0.1671
24.566168,-0.128245,24.566168,0.163351
24.592403,-0.121917,24.592403,0.159756
24.618638,-0.115496,24.618638,0.156323
24.644874,-0.108996,24.644874,0.153056
24.671109,-0.102431,24.671109,0.14996
24.697344,-0.095813,24.697344,0.147038
24.723579,-0.089156,24.723579,0.14429
24.749815,-0.082472,24.749815,0.141717
24.77605,-0.075775,24.77605,0.139318
24.802285,-0.069075,24.802285,0.137091
24.82852,-0.062386,24.82852,0.135033
24.854755,-0.055717,24.854755,0.133139
24.880991,-0.04908,24.880991,0.131404
24.907226,-0.042483,24.907226,0.129823
24.933461,-0.035936,24.933461,0.128389
24.959696,-0.029447,24.959696,0.127096
24.985932,-0.023023,24.985932,0.125936
25.012167,-0.01667,25.012167,0.124901
25.038402,-0.010395,25.038402,0.123983
25.064637,-0.004201,25.064637,0.123173
25.090872,0.001906,25.090872,0.122463
25.117108,0.007924,25.117108,0.121844
25.143343,0.01385,25.143343,0.121307
25.169578,0.019683,25.169578,0.120844
25.195813,0.025422,25.195813,0.120446
25.222049,0.031066,25.222049,0.120104
25.248284,0.036616,25.248284,0.11981
25.274519,0.042073,25.274519,0.119556
25.300754,0.047439,25.300754,0.119334
25.326989,0.052717,25.326989,0.119137
25.353225,0.057908,25.353225,0.118958
25.37946,0.063017,25.37946,0.11879
25.405695,0.068047,25.405695,0.118627
25.43193,0.073002,25.43193,0.118463
25.458166,0.077888,25.458166,0.118292
25.484401,0.082709,25.484401,0.11811
25.510636,0.08747099999999999,25.510636,0.117913
25.536871,0.092179,25.536871,0.117697
25.563106,0.09683799999999999,25.563106,0.117459
25.589342,0.101456,25.589342,0.117195
25.615577,0.106038,25.615577,0.116904
25.641812,0.110589,25.641812,0.116584
25.668047,0.115118,25.668047,0.116234
25.694283,0.119629,25.694283,0.115853
25.720518,0.124128,25.720518,0.115442
25.746753,0.128623,25.746753,0.115001
25.772988,0.13312,25.772988,0.11453
25.799223,0.137623,25.799223,0.114032
25.825459,0.14214,25.825459,0.113508
25.851694,0.146676,25.851694,0.11296
25.877929,0.151235,25.877929,0.112393
25.904164,0.155825,25.904164,0.111808
25.9304,0.160448,25.9304,0.111209
25.956635,0.165111,25.956635,0.110602
25.98287,0.169817,25.98287,0.109989
26.009105,0.174571,26.009105,0.109376
26.03534,0.179376,26.03534,0.108768
26.061576,0.184236,26.061576,0.10817
26.087811,0.189154,26.087811,0.107588
26.114046,0.194133,26.114046,0.107028
26.140281,0.199174,26.140281,0.106496
26.166517,0.20428,26.166517,0.105999
26.192752,0.209451,26.192752,0.105543
26.218987,0.21469,26.218987,0.105135
26.245222,0.219995,26.245222,0.104781
26.271457,0.225368,26.271457,0.104488
26.297693,0.230809,26.297693,0.104263
26.323928,0.236315,26.323928,0.104114
26.350163,0.241887,26.350163,0.104047
26.376398,0.247523,26.376398,0.10407
26.402634,0.253219,26.402634,0.10419
26.428869,0.258974,26.428869,0.104413
26.455104,0.264784,26.455104,0.104748
26.481339,0.270645,26.481339,0.1052
26.507574,0.276553,26.507574,0.105777
26.53381,0.282504,26.53381,0.106485
26.560045,0.288492,26.560045,0.10733
26.58628,0.294511,26.58628,0.108319
26.612515,0.300554,26.612515,0.109457
26.638751,0.306617,26.638751,0.11075
26.664986,0.31269,26.664986,0.112203
26.691221,0.318766,26.691221,0.11382
26.717456,0.324838,26.717456,0.115607
26.743691,0.330896,26.743691,0.117565
26.769927,0.336931,26.769927,0.1197
26.796162,0.342935,26.796162,0.122012
26.822397,0.348898,26.822397,0.124505
26.848632,0.35481,26.848632,0.127179
26.874868,0.36066,26.874868,0.130034
26.901103,0.366439,26.901103,0.133072
26.927338,0.372137,26.927338,0.13629
26.953573,0.377742,26.953573,0.139687
26.979808,0.383245,26.979808,0.14326
27.006044,0.388635,27.006044,0.147007
27.032279,0.393902,27.032279,0.150921
27.058514,0.399036,27.058514,0.155
27.084749,0.404028,27.084749,0.159236
27.110985,0.408868,27.110985,0.163623
27.13722,0.413548,27.13722,0.168154
27.163455,0.41806,27.163455,0.17282
27.18969,0.422395,27.18969,0.177613
27.215925,0.426547,27.215925,0.182523
27.242161,0.43051,27.242161,0.18754
27.268396,0.434278,27.268396,0.192653
27.294631,0.437847,27.294631,0.197852
27.320866,0.441213,27.320866,0.203124
27.347102,0.444373,27.347102,0.208459
27.373337,0.447325,27.373337,0.213843
27.399572,0.450069,27.399572,0.219266
27.425807,0.452605,27.425807,0.224715
27.452042,0.454934,27.452042,0.230178
27.478278,0.457057,27.478278,0.235643
27.504513,0.458979,27.504513,0.241099
27.530748,0.460704,27.530748,0.246536
27.556983,0.462236,27.556983,0.251942
27.583219,0.463581,27.583219,0.257307
27.609454,0.464747,27.609454,0.262623
27.635689,0.46574,27.635689,0.267882
27.661924,0.466569,27.661924,0.273075
27.688159,0.467243,27.688159,0.278197
27.714395,0.46777,27.714395,0.283241
27.74063,0.468159,27.74063,0.288204
27.766865,0.468422,27.766865,0.293082
27.7931,0.468568,27.7931,0.297872
27.819336,0.468607,27.819336,0.302575
27.845571,0.468548,27.845571,0.30719
27.871806,0.468401,27.871806,0.311717
27.898041,0.468176,27.898041,0.316161
27.924276,0.467882,27.924276,0.320523
27.950512,0.467526,27.950512,0.32481
27.976747,0.467117,27.976747,0.329025
28.002982,0.466661,28.002982,0.333177
28.029217,0.466165,28.029217,0.337271
28.055453,0.465634,28.055453,0.341317
28.081688,0.46507,28.081688,0.345322
28.107923,0.464479,28.107923,0.349296
28.134158,0.46386,28.134158,0.353249
28.160393,0.463215,28.160393,0.35719
28.186629,0.462544,28.186629,0.361129
28.212864,0.461843,28.212864,0.365077
28.239099,0.461111,28.239099,0.369043
28.265334,0.460342,28.265334,0.373037
28.29157,0.459531,28.29157,0.377068
28.317805,0.458671,28.317805,0.381146
28.34404,0.457754,28.34404,0.385277
28.370275,0.456771,28.370275,0.389471
28.39651,0.455711,28.39651,0.393732
28.422746,0.454563,28.422746,0.398068
28.448981,0.453315,28.448981,0.402481
28.475216,0.451955,28.475216,0.406976
28.501451,0.450467,28.501451,0.411554
28.527687,0.448839,28.527687,0.416216
28.553922,0.447054,28.553922,0.42096
28.580157,0.445099,28.580157,0.425785
28.606392,0.442958,28.606392,0.430687
28.632627,0.440615,28.632627,0.43566
28.658863,0.438055,28.658863,0.440696
28.685098,0.435262,28.685098,0.445787
28.711333,0.432222,28.711333,0.450922
28.737568,0.42892,28.737568,0.456089
28.763804,0.425343,28.763804,0.461274
28.790039,0.421476,28.790039,0.466462
28.816274,0.417309,28.816274,0.471635
28.842509,0.412829,28.842509,0.476774
28.868744,0.408027,28.868744,0.48186
28.89498,0.402894,28.89498,0.486871
28.921215,0.397424,28.921215,0.491784
28.94745,0.39161,28.94745,0.496575
28.973685,0.38545,28.973685,0.5012180000000001
28.999921,0.378941,28.999921,0.505688
29.026156,0.372084,29.026156,0.509957
29.052391,0.36488,29.052391,0.513997
29.078626,0.357335,29.078626,0.517782
29.104861,0.349456,29.104861,0.521281
29.131097,0.341251,29.131097,0.524468
29.157332,0.332733,29.157332,0.527312
29.183567,0.323916,29.183567,0.529787
29.209802,0.314816,29.209802,0.531865
29.236038,0.305452,29.236038,0.533519
29.262273,0.295845,29.262273,0.534725
29.288508,0.28602,29.288508,0.535457
29.314743,0.276003,29.314743,0.535694
29.340978,0.265822,29.340978,0.5354139999999999
29.367214,0.255507,29.367214,0.534599
29.393449,0.24509,29.393449,0.533232
29.419684,0.234606,29.419684,0.5313
29.445919,0.224089,29.445919,0.528791
29.472155,0.213576,29.472155,0.525697
29.49839,0.203105,29.49839,0.522011
29.524625,0.192714,29.524625,0.517733
29.55086,0.182443,29.55086,0.512862
29.577095,0.172329,29.577095,0.507402
29.603331,0.162412,29.603331,0.501362
29.629566,0.152731,29.629566,0.494752
29.655801,0.143322,29.655801,0.487585
29.682036,0.134224,29.682036,0.479879
29.708272,0.12547,29.708272,0.471655
29.734507,0.117096,29.734507,0.462936
29.760742,0.109132,29.760742,0.453747
29.786977,0.101609,29.786977,0.444118
29.813212,0.094553,29.813212,0.434079
29.839448,0.08799,29.839448,0.423664
29.865683,0.081942,29.865683,0.412909
29.891918,0.07642699999999999,29.891918,0.401849
29.918153,0.071461,29.918153,0.390524
29.944389,0.06705800000000001,29.944389,0.378971
29.970624,0.06322700000000001,29.970624,0.367232
29.996859,0.059975,29.996859,0.355345
30.023094,0.057305,30.023094,0.343352
30.049329,0.055217,30.049329,0.331291
30.075565,0.053708,30.075565,0.319203
30.1018,0.052773,30.1018,0.307126
30.128035,0.052402,30.128035,0.295096
30.15427,0.052584,30.15427,0.283151
30.180506,0.053305,30.180506,0.271325
30.206741,0.054548,30.206741,0.259649
30.232976,0.056296,30.232976,0.248155
30.259211,0.058527,30.259211,0.236871
30.285446,0.061221,30.285446,0.225823
30.311682,0.06435299999999999,30.311682,0.215035
30.337917,0.067898,30.337917,0.204528
30.364152,0.07183199999999999,30.364152,0.194322
30.390387,0.076128,30.390387,0.184433
30.416623,0.080758,30.416623,0.174875
30.442858,0.085697,30.442858,0.165659
30.469093,0.090917,30.469093,0.156795
30.495328,0.096391,30.495328,0.14829
30.521563,0.102093,30.521563,0.140149
30.547799,0.107996,30.547799,0.132374
30.574034,0.114075,30.574034,0.124966
30.600269,0.120305,30.600269,0.117923
30.626504,0.126663,30.626504,0.111244
30.65274,0.133126,30.65274,0.104923
30.678975,0.139673,30.678975,0.098956
30.70521,0.146282,30.70521,0.093334
30.731445,0.152936,30.731445,0.088051
30.75768,0.159614,30.75768,0.083096
30.783916,0.166302,30.783916,0.07846
30.810151,0.172983,30.810151,0.074133
30.836386,0.179644,30.836386,0.070104
30.862621,0.18627,30.862621,0.06636
30.888857,0.192851,30.888857,0.062891
30.915092,0.199376,30.915092,0.059684
30.941327,0.205835,30.941327,0.056727
30.967562,0.212221,30.967562,0.054009
30.993797,0.218525,30.993797,0.051517
31.020033,0.224741,31.020033,0.049239
31.046268,0.230864,31.046268,0.047164
31.072503,0.236889,31.072503,0.045281
31.098738,0.242813,31.098738,0.043578
31.124974,0.248632,31.124974,0.042045
31.151209,0.254343,31.151209,0.040671
31.177444,0.259946,31.177444,0.039446
31.203679,0.265438,31.203679,0.038362
31.229914,0.270819,31.229914,0.037408
31.25615,0.276089,31.25615,0.036576
31.282385,0.281246,31.282385,0.035859
31.30862,0.286292,31.30862,0.035246
31.334855,0.291228,31.334855,0.034733
31.361091,0.296053,31.361091,0.03431
31.387326,0.30077,31.387326,0.033972
31.413561,0.305378,31.413561,0.033712
31.439796,0.309881,31.439796,0.033524
31.466031,0.314278,31.466031,0.033402
31.492267,0.318572,31.492267,0.033341
31.518502,0.322764,31.518502,0.033336
31.544737,0.326857,31.544737,0.033382
31.570972,0.330851,31.570972,0.033473
31.597208,0.334749,31.597208,0.033607
31.623443,0.338553,31.623443,0.033777
31.649678,0.342265,31.649678,0.033981
31.675913,0.345886,31.675913,0.034215
31.702148,0.349419,31.702148,0.034474
31.728384,0.352865,31.728384,0.034755
31.754619,0.356228,31.754619,0.035055
31.780854,0.359509,31.780854,0.03537
31.807089,0.36271,31.807089,0.035698
31.833325,0.365834,31.833325,0.036035
31.85956,0.368883,31.85956,0.036379
31.885795,0.371859,31.885795,0.036727
31.91203,0.374765,31.91203,0.037076
31.938265,0.377604,31.938265,0.037423
31.964501,0.380377,31.964501,0.037768
31.990736,0.383087,31.990736,0.038106
32.016971,0.385737,32.016971,0.038437
32.043206,0.38833,32.043206,0.038759
32.069442,0.390867,32.069442,0.03907
32.095677,0.393353,32.095677,0.039368
32.121912,0.395789,32.121912,0.039652
32.148147,0.398178,32.148147,0.039921
32.174382,0.400523,32.174382,0.040173
32.200618,0.402827,32.200618,0.040409
32.226853,0.405092,32.226853,0.040627
32.253088,0.407321,32.253088,0.040827
32.279323,0.409516,32.279323,0.041008
32.305559,0.41168,32.305559,0.04117
32.331794,0.413816,32.331794,0.041313
32.358029,0.415925,32.358029,0.041438
32.384264,0.418011,32.384264,0.041544
32.410499,0.420074,32.410499,0.041633
32.436735,0.422119,32.436735,0.041703
32.46297,0.424145,32.46297,0.041756
32.489205,0.426156,32.489205,0.041793
32.51544,0.428153,32.51544,0.041815
32.541676,0.430138,32.541676,0.041821
32.567911,0.432112,32.567911,0.041814
32.594146,0.434077,32.594146,0.041793
32.620381,0.436034,32.620381,0.041761
32.646616,0.437984,32.646616,0.041717
32.672852,0.439929,32.672852,0.041664
32.699087,0.441869,32.699087,0.041601
32.725322,0.443805,32.725322,0.041531
32.751557,0.445738,32.751557,0.041454
32.777793,0.447669,32.777793,0.041372
32.804028,0.449598,32.804028,0.041284
32.830263,0.451526,32.830263,0.041193
32.856498,0.453453,32.856498,0.041098
32.882733,0.45538,32.882733,0.041002
32.908969,0.457307,32.908969,0.040905
32.935204,0.459234,32.935204,0.040808
32.961439,0.461162,32.961439,0.040711
32.987674,0.46309,32.987674,0.040615
33.01391,0.465019,33.01391,0.040522
33.040145,0.466949,33.040145,0.040432
33.06638,0.46888,33.06638,0.040345
33.092615,0.470812,33.092615,0.040263
33.11885,0.472745,33.11885,0.040185
33.145086,0.47468,33.145086,0.040114
33.171321,0.476615,33.171321,0.040048
33.197556,0.478551,33.197556,0.039989
33.223791,0.480488,33.223791,0.039937
33.250027,0.482426,33.250027,0.039892
33.276262,0.484365,33.276262,0.039856
33.302497,0.486305,33.302497,0.039829
33.328732,0.488245,33.328732,0.039811
33.354967,0.490186,33.354967,0.039803
33.381203,0.492127,33.381203,0.039804
33.407438,0.494068,33.407438,0.039816
33.433673,0.496009,33.433673,0.03984
33.459908,0.497951,33.459908,0.039874
33.486144,0.499892,33.486144,0.03992
33.512379,0.501833,33.512379,0.039978
33.538614,0.503773,33.538614,0.040049
33.564849,0.5057120000000001,33.564849,0.040132
33.591084,0.50765,33.591084,0.040229
33.61732,0.509587,33.61732,0.040339
33.643555,0.5115229999999999,33.643555,0.040463
33.66979,0.5134570000000001,33.66979,0.040601
33.696025,0.515389,33.696025,0.040753
33.722261,0.51732,33.722261,0.04092
33.748496,0.519248,33.748496,0.041102
33.774731,0.521173,33.774731,0.041299
33.800966,0.523096,33.800966,0.041511
33.827201,0.525016,33.827201,0.04174
33.853437,0.526933,33.853437,0.041984
33.879672,0.528846,33.879672,0.042245
33.905907,0.530756,33.905907,0.042522
33.932142,0.532662,33.932142,0.042817
33.958378,0.534565,33.958378,0.043129
33.984613,0.536463,33.984613,0.043458
34.010848,0.5383559999999999,34.010848,0.043806
34.037083,0.5402439999999999,34.037083,0.044171
34.063318,0.5421280000000001,34.063318,0.044556
34.089554,0.544006,34.089554,0.04496
34.115789,0.545878,34.115789,0.045384
34.142024,0.547744,34.142024,0.045827
34.168259,0.549603,34.168259,0.046291
34.194495,0.551455,34.194495,0.046777
34.22073,0.553299,34.22073,0.047283
34.246965,0.555135,34.246965,0.047812
34.2732,0.556962,34.2732,0.048363
34.299435,0.558779,34.299435,0.048936
34.325671,0.560586,34.325671,0.049533
34.351906,0.562381,34.351906,0.050154
34.378141,0.564164,34.378141,0.050799
34.404376,0.565934,34.404376,0.051469
34.430612,0.56769,34.430612,0.052163
34.456847,0.56943,34.456847,0.052882
34.483082,0.5711540000000001,34.483082,0.053626
34.509317,0.57286,34.509317,0.054395
34.535552,0.574547,34.535552,0.05519
34.561788,0.576213,34.561788,0.05601
34.588023,0.577858,34.588023,0.056854
34.614258,0.579479,34.614258,0.057724
34.640493,0.581076,34.640493,0.058617
34.666729,0.582646,34.666729,0.059534
34.692964,0.584189,34.692964,0.060475
34.719199,0.5857019999999999,34.719199,0.061437
34.745434,0.587185,34.745434,0.06242
34.771669,0.588636,34.771669,0.06342299999999999
34.797905,0.590054,34.797905,0.064445
34.82414,0.591437,34.82414,0.065485
34.850375,0.592785,34.850375,0.06654
34.87661,0.594095,34.87661,0.067609
34.902846,0.595368,34.902846,0.068691
34.929081,0.596602,34.929081,0.069783
34.955316,0.597796,34.955316,0.070883
34.981551,0.59895,34.981551,0.07199
35.007786,0.600064,35.007786,0.0731
35.034022,0.601137,35.034022,0.074213
35.060257,0.602168,35.060257,0.075324
35.086492,0.603159,35.086492,0.076433
35.112727,0.604109,35.112727,0.07753599999999999
35.138963,0.60502,35.138963,0.07863199999999999
35.165198,0.605891,35.165198,0.079717
35.191433,0.606723,35.191433,0.080789
35.217668,0.607518,35.217668,0.081847
35.243903,0.608277,35.243903,0.082887
35.270139,0.609001,35.270139,0.083908
35.296374,0.609692,35.296374,0.084907
35.322609,0.610353,35.322609,0.085884
35.348844,0.610984,35.348844,0.086835
35.37508,0.611588,35.37508,0.087759
35.401315,0.612168,35.401315,0.088656
35.42755,0.612727,35.42755,0.08952300000000001
35.453785,0.6132649999999999,35.453785,0.09036
35.48002,0.613787,35.48002,0.091166
35.506256,0.614294,35.506256,0.09194099999999999
35.532491,0.614791,35.532491,0.092684
35.558726,0.615279,35.558726,0.09339600000000001
35.584961,0.615761,35.584961,0.09407600000000001
35.611197,0.61624,35.611197,0.094726
35.637432,0.616719,35.637432,0.095345
35.663667,0.6172,35.663667,0.09593599999999999
35.689902,0.617686,35.689902,0.096499
35.716137,0.618179,35.716137,0.097035
35.742373,0.618682,35.742373,0.097548
35.768608,0.619197,35.768608,0.098038
35.794843,0.619726,35.794843,0.098507
35.821078,0.620269,35.821078,0.09895900000000001
35.847314,0.62083,35.847314,0.099395
35.873549,0.621409,35.873549,0.099819
35.899784,0.622007,35.899784,0.100232
35.926019,0.622625,35.926019,0.100638
35.952254,0.623263,35.952254,0.10104
35.97849,0.623923,35.97849,0.10144
36.004725,0.624603,36.004725,0.101842
36.03096,0.6253030000000001,36.03096,0.102248
36.057195,0.626024,36.057195,0.102661
36.083431,0.626763,36.083431,0.103084
36.109666,0.627521,36.109666,0.103519
36.135901,0.628296,36.135901,0.10397
36.162136,0.629086,36.162136,0.104439
36.188371,0.6298899999999999,36.188371,0.104927
36.214607,0.630705,36.214607,0.105437
36.240842,0.631531,36.240842,0.105971
36.267077,0.632364,36.267077,0.106531
36.293312,0.633202,36.293312,0.107117
36.319548,0.634043,36.319548,0.107732
36.345783,0.634885,36.345783,0.108376
36.372018,0.635724,36.372018,0.10905
36.398253,0.636558,36.398253,0.109754
36.424488,0.637385,36.424488,0.110489
36.450724,0.638202,36.450724,0.111254
36.476959,0.639006,36.476959,0.11205
36.503194,0.639795,36.503194,0.112876
36.529429,0.640566,36.529429,0.113731
36.555665,0.641317,36.555665,0.114615
36.5819,0.642045,36.5819,0.115526
36.608135,0.642749,36.608135,0.116463
36.63437,0.6434260000000001,36.63437,0.117425
36.660605,0.644075,36.660605,0.118409
36.686841,0.644693,36.686841,0.119415
36.713076,0.645279,36.713076,0.12044
36.739311,0.645832,36.739311,0.121483
36.765546,0.646351,36.765546,0.122541
36.791782,0.646833,36.791782,0.123612
36.818017,0.64728,36.818017,0.124694
36.844252,0.647689,36.844252,0.125784
36.870487,0.64806,36.870487,0.126881
36.896722,0.648393,36.896722,0.127982
36.922958,0.648688,36.922958,0.129085
36.949193,0.648945,36.949193,0.130188
36.975428,0.649164,36.975428,0.131288
37.001663,0.649346,37.001663,0.132383
37.027899,0.649491,37.027899,0.133472
37.054134,0.649599,37.054134,0.134552
37.080369,0.649672,37.080369,0.135621
37.106604,0.649711,37.106604,0.136677
37.132839,0.649716,37.132839,0.13772
37.159075,0.649689,37.159075,0.138746
37.18531,0.649632,37.18531,0.139756
37.211545,0.649545,37.211545,0.140747
37.23778,0.64943,37.23778,0.141719
37.264016,0.649288,37.264016,0.142671
37.290251,0.649122,37.290251,0.143602
37.316486,0.648932,37.316486,0.144511
37.342721,0.648721,37.342721,0.145397
37.368956,0.648489,37.368956,0.146261
37.395192,0.648238,37.395192,0.147103
37.421427,0.647971,37.421427,0.147922
37.447662,0.647687,37.447662,0.148718
37.473897,0.647389,37.473897,0.149492
37.500133,0.647078,37.500133,0.150244
37.526368,0.6467540000000001,37.526368,0.150975
37.552603,0.64642,37.552603,0.151685
37.578838,0.646076,37.578838,0.152375
37.605073,0.645722,37.605073,0.153045
37.631309,0.64536,37.631309,0.153697
37.657544,0.64499,37.657544,0.154331
37.683779,0.644613,37.683779,0.154947
37.710014,0.644228,37.710014,0.155547
37.73625,0.643837,37.73625,0.156132
37.762485,0.643439,37.762485,0.156701
37.78872,0.643034,37.78872,0.157256
37.814955,0.6426230000000001,37.814955,0.157798
37.84119,0.642205,37.84119,0.158327
37.867426,0.64178,37.867426,0.158842
37.893661,0.641347,37.893661,0.159346
37.919896,0.640907,37.919896,0.159838
37.946131,0.640459,37.946131,0.160317
37.972367,0.640003,37.972367,0.160785
37.998602,0.6395380000000001,37.998602,0.161241
38.024837,0.639065,38.024837,0.161686
38.051072,0.638582,38.051072,0.162118
38.077307,0.63809,38.077307,0.162538
38.103543,0.637589,38.103543,0.162945
38.129778,0.637079,38.129778,0.163339
38.156013,0.636559,38.156013,0.163721
38.182248,0.63603,38.182248,0.164088
38.208484,0.635491,38.208484,0.164442
38.234719,0.634943,38.234719,0.164781
38.260954,0.634386,38.260954,0.165105
38.287189,0.6338200000000001,38.287189,0.165414
38.313424,0.633246,38.313424,0.165708
38.33966,0.632664,38.33966,0.165986
38.365895,0.6320750000000001,38.365895,0.166249
38.39213,0.631478,38.39213,0.166496
38.418365,0.630875,38.418365,0.166727
38.444601,0.630265,38.444601,0.166942
38.470836,0.629649,38.470836,0.167142
38.497071,0.629027,38.497071,0.167326
38.523306,0.628399,38.523306,0.167495
38.549541,0.627767,38.549541,0.167649
38.575777,0.627129,38.575777,0.167789
38.602012,0.626486,38.602012,0.167914
38.628247,0.625838,38.628247,0.168026
38.654482,0.625184,38.654482,0.168123
38.680718,0.624524,38.680718,0.168208
38.706953,0.6238590000000001,38.706953,0.168279
38.733188,0.623187,38.733188,0.168338
38.759423,0.622508,38.759423,0.168383
38.785658,0.621822,38.785658,0.168416
38.811894,0.621128,38.811894,0.168435
38.838129,0.620425,38.838129,0.168441
38.864364,0.619712,38.864364,0.168433
38.890599,0.618989,38.890599,0.168411
38.916835,0.618256,38.916835,0.168374
38.94307,0.617511,38.94307,0.16832
38.969305,0.616754,38.969305,0.16825
38.99554,0.615984,38.99554,0.168161
39.021775,0.615202,39.021775,0.168052
39.048011,0.614407,39.048011,0.167922
39.074246,0.613599,39.074246,0.167768
39.100481,0.612778,39.100481,0.16759
39.126716,0.611945,39.126716,0.167386
39.152952,0.6110989999999999,39.152952,0.167153
39.179187,0.610242,39.179187,0.16689
39.205422,0.609375,39.205422,0.166594
39.231657,0.608499,39.231657,0.166264
39.257892,0.607615,39.257892,0.165897
39.284128,0.606726,39.284128,0.165493
39.310363,0.605832,39.310363,0.165049
39.336598,0.6049369999999999,39.336598,0.164564
39.362833,0.604042,39.362833,0.164036
39.389069,0.60315,39.389069,0.163465
39.415304,0.6022650000000001,39.415304,0.162849
39.441539,0.601388,39.441539,0.162187
39.467774,0.600523,39.467774,0.16148
39.494009,0.599673,39.494009,0.160726
39.520245,0.598842,39.520245,0.159927
39.54648,0.598032,39.54648,0.159083
39.572715,0.5972460000000001,39.572715,0.158194
39.59895,0.596489,39.59895,0.157262
39.625186,0.595763,39.625186,0.156288
39.651421,0.595071,39.651421,0.155274
39.677656,0.5944160000000001,39.677656,0.154223
39.703891,0.5938020000000001,39.703891,0.153136
39.730126,0.59323,39.730126,0.152016
39.756362,0.592702,39.756362,0.150866
39.782597,0.592222,39.782597,0.14969
39.808832,0.59179,39.808832,0.148491
39.835067,0.591409,39.835067,0.147273
39.861303,0.59108,39.861303,0.146039
39.887538,0.590803,39.887538,0.144793
39.913773,0.590578,39.913773,0.143539
39.940008,0.590407,39.940008,0.142281
39.966243,0.590289,39.966243,0.141024
39.992479,0.5902230000000001,39.992479,0.13977
40.018714,0.590208,40.018714,0.138525
40.044949,0.590244,40.044949,0.137291
40.071184,0.590329,40.071184,0.136073
40.09742,0.59046,40.09742,0.134873
40.123655,0.590636,40.123655,0.133696
40.14989,0.590854,40.14989,0.132543
40.176125,0.591112,40.176125,0.131418
40.20236,0.591407,40.20236,0.130324
40.228596,0.591735,40.228596,0.129261
40.254831,0.592094,40.254831,0.128232
40.281066,0.592481,40.281066,0.127239
40.307301,0.592892,40.307301,0.126282
40.333537,0.593323,40.333537,0.125362
40.359772,0.593772,40.359772,0.124479
40.386007,0.594236,40.386007,0.123635
40.412242,0.59471,40.412242,0.122827
40.438477,0.595193,40.438477,0.122056
40.464713,0.595681,40.464713,0.121321
40.490948,0.596172,40.490948,0.12062
40.517183,0.5966630000000001,40.517183,0.119952
40.543418,0.597152,40.543418,0.119317
40.569654,0.5976359999999999,40.569654,0.118711
40.595889,0.598115,40.595889,0.118133
40.622124,0.598586,40.622124,0.117582
40.648359,0.5990490000000001,40.648359,0.117054
40.674594,0.599503,40.674594,0.116548
40.70083,0.599946,40.70083,0.116062
40.727065,0.60038,40.727065,0.115594
40.7533,0.6008019999999999,40.7533,0.115142
40.779535,0.6012150000000001,40.779535,0.114705
40.805771,0.601618,40.805771,0.114279
40.832006,0.602011,40.832006,0.113865
40.858241,0.602396,40.858241,0.113461
40.884476,0.602774,40.884476,0.113066
40.910711,0.603144,40.910711,0.112679
40.936947,0.603509,40.936947,0.112299
40.963182,0.60387,40.963182,0.111927
40.989417,0.604227,40.989417,0.111562
41.015652,0.604583,41.015652,0.111205
41.041888,0.604936,41.041888,0.110857
41.068123,0.60529,41.068123,0.110518
41.094358,0.605643,41.094358,0.110189
41.120593,0.605998,41.120593,0.109872
41.146828,0.606353,41.146828,0.109568
41.173064,0.60671,41.173064,0.109278
41.199299,0.6070680000000001,41.199299,0.109006
41.225534,0.607426,41.225534,0.108752
41.251769,0.607785,41.251769,0.108518
41.278005,0.608141,41.278005,0.108307
41.30424,0.608495,41.30424,0.10812
41.330475,0.6088440000000001,41.330475,0.10796
41.35671,0.609187,41.35671,0.107828
41.382945,0.60952,41.382945,0.107725
41.409181,0.609842,41.409181,0.107653
41.435416,0.6101490000000001,41.435416,0.107613
41.461651,0.610437,41.461651,0.107606
41.487886,0.610704,41.487886,0.107632
41.514122,0.610946,41.514122,0.107692
41.540357,0.611159,41.540357,0.107785
41.566592,0.611338,41.566592,0.10791
41.592827,0.6114810000000001,41.592827,0.108067
41.619062,0.611582,41.619062,0.108253
41.645298,0.611638,41.645298,0.108466
41.671533,0.611645,41.671533,0.108705
41.697768,0.611599,41.697768,0.108965
41.724003,0.611496,41.724003,0.109243
41.750239,0.611333,41.750239,0.109535
41.776474,0.611107,41.776474,0.109837
41.802709,0.610815,41.802709,0.110144
41.828944,0.610455,41.828944,0.11045
41.855179,0.610025,41.855179,0.11075
41.881415,0.609522,41.881415,0.111037
41.90765,0.608948,41.90765,0.111306
41.933885,0.6083,41.933885,0.11155
41.96012,0.607579,41.96012,0.111763
41.986356,0.606786,41.986356,0.111937
42.012591,0.605922,42.012591,0.112066
42.038826,0.604989,42.038826,0.112143
42.065061,0.60399,42.065061,0.112161
42.091296,0.602928,42.091296,0.112115
42.117532,0.601807,42.117532,0.111997
42.143767,0.600631,42.143767,0.111803
42.170002,0.599405,42.170002,0.111525
42.196237,0.5981340000000001,42.196237,0.111159
42.222473,0.596825,42.222473,0.1107
42.248708,0.595483,42.248708,0.110144
42.274943,0.594117,42.274943,0.109487
42.301178,0.592732,42.301178,0.108726
42.327413,0.591336,42.327413,0.107858
42.353649,0.589938,42.353649,0.106881
42.379884,0.588544,42.379884,0.105795
42.406119,0.587164,42.406119,0.104599
42.432354,0.585804,42.432354,0.103292
42.45859,0.584473,42.45859,0.101877
42.484825,0.583179,42.484825,0.100354
42.51106,0.5819299999999999,42.51106,0.09872499999999999
42.537295,0.5807330000000001,42.537295,0.096995
42.56353,0.579596,42.56353,0.095166
42.589766,0.578525,42.589766,0.09324300000000001
42.616001,0.577528,42.616001,0.09123000000000001
42.642236,0.576609,42.642236,0.089133
42.668471,0.575776,42.668471,0.08695799999999999
42.694707,0.575033,42.694707,0.08471099999999999
42.720942,0.574386,42.720942,0.082399
42.747177,0.573837,42.747177,0.080028
42.773412,0.573391,42.773412,0.07760599999999999
42.799647,0.5730499999999999,42.799647,0.075141
42.825883,0.572817,42.825883,0.07264
42.852118,0.572693,42.852118,0.07011100000000001
42.878353,0.57268,42.878353,0.067562
42.904588,0.572777,42.904588,0.065001
42.930824,0.572985,42.930824,0.062434
42.957059,0.573303,42.957059,0.05987
42.983294,0.573729,42.983294,0.057317
43.009529,0.5742620000000001,43.009529,0.05478
43.035764,0.574899,43.035764,0.052268
43.062,0.575637,43.062,0.049786
43.088235,0.576473,43.088235,0.047342
43.11447,0.577403,43.11447,0.04494
43.140705,0.578424,43.140705,0.042586
43.166941,0.57953,43.166941,0.040285
43.193176,0.580717,43.193176,0.038041
43.219411,0.581981,43.219411,0.03586
43.245646,0.583315,43.245646,0.033743
43.271881,0.584716,43.271881,0.031695
43.298117,0.5861769999999999,43.298117,0.029717
43.324352,0.587694,43.324352,0.027813
43.350587,0.58926,43.350587,0.025984
43.376822,0.59087,43.376822,0.02423
43.403058,0.59252,43.403058,0.022554
43.429293,0.594203,43.429293,0.020955
43.455528,0.595916,43.455528,0.019433
43.481763,0.597652,43.481763,0.017988
43.507998,0.599407,43.507998,0.016619
43.534234,0.601177,43.534234,0.015326
43.560469,0.602957,43.560469,0.014106
43.586704,0.604742,43.586704,0.012959
43.612939,0.60653,43.612939,0.011883
43.639175,0.6083150000000001,43.639175,0.010875
43.66541,0.610096,43.66541,0.009933000000000001
43.691645,0.611868,43.691645,0.009055000000000001
43.71788,0.61363,43.71788,0.008239
43.744115,0.615377,43.744115,0.007482
43.770351,0.617108,43.770351,0.006781
43.796586,0.618821,43.796586,0.006133
43.822821,0.620514,43.822821,0.005537
43.849056,0.622185,43.849056,0.004988
43.875292,0.623833,43.875292,0.004485
43.901527,0.625457,43.901527,0.004025
43.927762,0.627055,43.927762,0.003604
43.953997,0.628628,43.953997,0.003221
43.980232,0.630173,43.980232,0.002873
44.006468,0.631692,44.006468,0.002557
44.032703,0.6331830000000001,44.032703,0.002272
44.058938,0.634647,44.058938,0.002014
44.085173,0.636083,44.085173,0.001781
44.111409,0.637493,44.111409,0.001573
44.137644,0.638875,44.137644,0.001385
44.163879,0.64023,44.163879,0.001218
44.190114,0.641559,44.190114,0.001069
44.216349,0.642863,44.216349,0.000935
44.242585,0.644141,44.242585,0.000817
44.26882,0.645394,44.26882,0.000713
44.295055,0.646624,44.295055,0.00062
44.32129,0.64783,44.32129,0.000538
44.347526,0.649013,44.347526,0.000466
44.373761,0.650174,44.373761,0.000403
44.399996,0.6513139999999999,44.399996,0.000348
44.426231,0.652433,44.426231,0.000299
44.452466,0.653532,44.452466,0.000257
44.478702,0.654612,44.478702,0.000221
44.504937,0.655673,44.504937,0.000189
44.531172,0.656716,44.531172,0.000161
44.557407,0.657743,44.557407,0.000137
44.583643,0.658752,44.583643,0.000117
44.609878,0.6597460000000001,44.609878,9.899999999999999e-05
44.636113,0.660724,44.636113,8.4e-05
44.662348,0.6616880000000001,44.662348,7.1e-05
44.688583,0.662637,44.688583,6e-05
44.714819,0.663573,44.714819,5.1e-05
44.741054,0.6644949999999999,44.741054,4.3e-05
44.767289,0.665405,44.767289,3.6e-05
44.793524,0.6663019999999999,44.793524,3e-05
44.81976,0.667188,44.81976,2.5e-05
44.845995,0.668063,44.845995,2.1e-05
44.87223,0.668926,44.87223,1.8e-05
44.898465,0.669779,44.898465,1.5e-05
44.9247,0.6706220000000001,44.9247,1.3e-05
44.950936,0.671454,44.950936,1.1e-05
44.977171,0.672278,44.977171,9e-06
45.003406,0.673092,45.003406,8e-06
45.029641,0.673897,45.029641,7e-06
45.055877,0.674694,45.055877,6e-06
45.082112,0.675482,45.082112,5e-06
45.108347,0.676262,45.108347,4e-06
45.134582,0.6770350000000001,45.134582,4e-06
45.160817,0.6778,45.160817,3e-06
45.187053,0.678557,45.187053,3e-06
45.213288,0.679307,45.213288,3e-06
45.239523,0.68005,45.239523,3e-06
45.265758,0.680786,45.265758,2e-06
45.291994,0.681516,45.291994,2e-06
45.318229,0.682239,45.318229,2e-06
45.344464,0.682956,45.344464,2e-06
45.370699,0.683667,45.370699,2e-06
45.396934,0.684372,45.396934,2e-06
45.42317,0.68507,45.42317,2e-06
45.449405,0.685764,45.449405,2e-06
45.47564,0.686451,45.47564,2e-06
45.501875,0.687133,45.501875,2e-06
45.528111,0.68781,45.528111,2e-06
45.554346,0.688482,45.554346,2e-06
45.580581,0.689148,45.580581,2e-06
45.606816,0.68981,45.606816,2e-06
45.633051,0.690466,45.633051,2e-06
45.659287,0.691118,45.659287,2e-06
45.685522,0.691765,45.685522,2e-06
45.711757,0.692407,45.711757,2e-06
45.737992,0.693045,45.737992,2e-06
45.764228,0.693678,45.764228,2e-06
45.790463,0.694308,45.790463,2e-06
45.816698,0.694932,45.816698,2e-06
45.842933,0.695553,45.842933,2e-06
45.869168,0.696169,45.869168,2e-06
45.895404,0.696782,45.895404,2e-06
45.921639,0.69739,45.921639,2e-06
45.947874,0.697995,45.947874,2e-06
45.974109,0.698596,45.974109,2e-06
46.000345,0.699192,46.000345,2e-06
46.02658,0.699786,46.02658,2e-06
46.052815,0.700375,46.052815,2e-06
46.07905,0.7009609999999999,46.07905,2e-06
46.105285,0.7015439999999999,46.105285,2e-06
46.131521,0.702122,46.131521,2e-06
46.157756,0.702698,46.157756,2e-06
46.183991,0.70327,46.183991,2e-06
46.210226,0.703839,46.210226,2e-06
46.236462,0.704404,46.236462,2e-06
46.262697,0.704967,46.262697,2e-06
46.288932,0.705526,46.288932,2e-06
46.315167,0.706082,46.315167,2e-06
46.341402,0.706635,46.341402,2e-06
46.367638,0.707184,46.367638,3e-06
46.393873,0.707731,46.393873,3e-06
46.420108,0.708275,46.420108,3e-06
46.446343,0.708816,46.446343,3e-06
46.472579,0.709354,46.472579,3e-06
46.498814,0.709889,46.498814,3e-06
46.525049,0.710422,46.525049,3e-06
46.551284,0.710952,46.551284,3e-06
46.577519,0.711479,46.577519,3e-06
46.603755,0.7120030000000001,46.603755,3e-06
46.62999,0.712524,46.62999,3e-06
46.656225,0.713043,46.656225,3e-06
46.68246,0.71356,46.68246,3e-06
46.708696,0.714074,46.708696,3e-06
46.734931,0.714585,46.734931,3e-06
46.761166,0.715094,46.761166,3e-06
46.787401,0.7156,46.787401,3e-06
46.813636,0.716104,46.813636,3e-06
46.839872,0.716606,46.839872,3e-06
46.866107,0.717105,46.866107,3e-06
46.892342,0.717602,46.892342,3e-06
46.918577,0.718096,46.918577,3e-06
46.944813,0.718588,46.944813,3e-06
46.971048,0.719078,46.971048,3e-06
46.997283,0.719566,46.997283,3e-06
47.023518,0.720052,47.023518,3e-06
47.049753,0.720535,47.049753,3e-06
47.075989,0.721016,47.075989,3e-06
47.102224,0.721495,47.102224,3e-06
47.128459,0.7219719999999999,47.128459,2e-06
47.154694,0.722447,47.154694,2e-06
47.18093,0.722919,47.18093,2e-06
47.207165,0.72339,47.207165,2e-06
47.2334,0.723858,47.2334,2e-06
47.259635,0.724325,47.259635,2e-06
47.28587,0.72479,47.28587,2e-06
47.312106,0.725252,47.312106,2e-06
47.338341,0.7257130000000001,47.338341,2e-06
47.364576,0.726172,47.364576,2e-06
47.390811,0.726629,47.390811,2e-06
47.417047,0.727084,47.417047,2e-06
47.443282,0.727537,47.443282,2e-06
47.469517,0.727988,47.469517,2e-06
47.495752,0.728437,47.495752,2e-06
47.521987,0.728885,47.521987,2e-06
47.548223,0.729331,47.548223,2e-06
47.574458,0.729775,47.574458,2e-06
47.600693,0.730217,47.600693,2e-06
47.626928,0.730657,47.626928,2e-06
47.653164,0.731096,47.653164,2e-06
47.679399,0.731533,47.679399,2e-06
47.705634,0.731968,47.705634,2e-06
47.731869,0.732402,47.731869,2e-06
47.758104,0.732834,47.758104,2e-06
47.78434,0.733264,47.78434,2e-06
47.810575,0.733693,47.810575,2e-06
47.83681,0.73412,47.83681,2e-06
47.863045,0.734545,47.863045,2e-06
47.889281,0.734969,47.889281,2e-06
47.915516,0.735391,47.915516,2e-06
47.941751,0.735812,47.941751,2e-06
47.967986,0.736231,47.967986,2e-06
47.994221,0.736648,47.994221,2e-06
48.020457,0.7370640000000001,48.020457,2e-06
48.046692,0.737479,48.046692,2e-06
48.072927,0.737892,48.072927,2e-06
48.099162,0.738303,48.099162,2e-06
48.125398,0.738713,48.125398,2e-06
48.151633,0.7391219999999999,48.151633,2e-06
48.177868,0.739529,48.177868,2e-06
48.204103,0.739934,48.204103,2e-06
48.230338,0.740339,48.230338,2e-06
48.256574,0.740741,48.256574,2e-06
48.282809,0.741143,48.282809,2e-06
48.309044,0.741542,48.309044,2e-06
48.335279,0.741941,48.335279,2e-06
48.361515,0.7423380000000001,48.361515,2e-06
48.38775,0.742734,48.38775,2e-06
48.413985,0.743128,48.413985,2e-06
48.44022,0.743521,48.44022,2e-06
48.466455,0.743913,48.466455,2e-06
48.492691,0.744304,48.492691,2e-06
48.518926,0.744693,48.518926,2e-06
48.545161,0.74508,48.545161,2e-06
48.571396,0.745467,48.571396,2e-06
48.597632,0.745852,48.597632,2e-06
48.623867,0.746236,48.623867,2e-06
48.650102,0.746619,48.650102,2e-06
48.676337,0.747,48.676337,2e-06
48.702572,0.74738,48.702572,2e-06
48.728808,0.747759,48.728808,2e-06
48.755043,0.7481370000000001,48.755043,2e-06
48.781278,0.748513,48.781278,2e-06
48.807513,0.748888,48.807513,2e-06
48.833749,0.749262,48.833749,2e-06
48.859984,0.7496350000000001,48.859984,2e-06
48.886219,0.750007,48.886219,2e-06
48.912454,0.750377,48.912454,2e-06
48.938689,0.750746,48.938689,2e-06
48.964925,0.7511139999999999,48.964925,2e-06
48.99116,0.751481,48.99116,2e-06
49.017395,0.751847,49.017395,2e-06
49.04363,0.752212,49.04363,2e-06
49.069866,0.752575,49.069866,2e-06
49.096101,0.752937,49.096101,2e-06
49.122336,0.7532990000000001,49.122336,2e-06
49.148571,0.753659,49.148571,2e-06
49.174806,0.754018,49.174806,2e-06
49.201042,0.754375,49.201042,2e-06
49.227277,0.754732,49.227277,2e-06
49.253512,0.755088,49.253512,2e-06
49.279747,0.755443,49.279747,2e-06
49.305983,0.755796,49.305983,2e-06
49.332218,0.756149,49.332218,2e-06
49.358453,0.7565,49.358453,2e-06
49.384688,0.75685,49.384688,2e-06
49.410923,0.7572,49.410923,2e-06
49.437159,0.757548,49.437159,2e-06
49.463394,0.757895,49.463394,2e-06
49.489629,0.7582410000000001,49.489629,2e-06
49.515864,0.758587,49.515864,2e-06
49.5421,0.758931,49.5421,2e-06
49.568335,0.759274,49.568335,2e-06
49.59457,0.759616,49.59457,2e-06
49.620805,0.759957,49.620805,2e-06
49.64704,0.760297,49.64704,2e-06
49.673276,0.760637,49.673276,2e-06
49.699511,0.760975,49.699511,2e-06
49.725746,0.761312,49.725746,2e-06
49.751981,0.761648,49.751981,2e-06
49.778217,0.761984,49.778217,2e-06
49.804452,0.7623180000000001,49.804452,2e-06
49.830687,0.762651,49.830687,2e-06
49.856922,0.762984,49.856922,2e-06
49.883157,0.763315,49.883157,2e-06
49.909393,0.763646,49.909393,2e-06
49.935628,0.763976,49.935628,2e-06
49.961863,0.764304,49.961863,2e-06
49.988098,0.764632,49.988098,2e-06
50.014334,0.7649589999999999,50.014334,2e-06
50.040569,0.765285,50.040569,2e-06
50.066804,0.76561,50.066804,2e-06
50.093039,0.765934,50.093039,2e-06
50.119274,0.766257,50.119274,2e-06
50.14551,0.76658,50.14551,2e-06
50.171745,0.7669010000000001,50.171745,2e-06
50.19798,0.767222,50.19798,2e-06
50.224215,0.7675419999999999,50.224215,2e-06
50.250451,0.767861,50.250451,2e-06
50.276686,0.7681789999999999,50.276686,2e-06
50.302921,0.768496,50.302921,2e-06
50.329156,0.7688120000000001,50.329156,2e-06
50.355391,0.769128,50.355391,2e-06
50.381627,0.769442,50.381627,2e-06
50.407862,0.769756,50.407862,2e-06
50.434097,0.770069,50.434097,2e-06
50.460332,0.770381,50.460332,2e-06
50.486568,0.770692,50.486568,2e-06
50.512803,0.771003,50.512803,2e-06
50.539038,0.771312,50.539038,2e-06
50.565273,0.771621,50.565273,2e-06
50.591508,0.771929,50.591508,2e-06
50.617744,0.772236,50.617744,2e-06
50.643979,0.772543,50.643979,2e-06
50.670214,0.772848,50.670214,2e-06
50.696449,0.773153,50.696449,2e-06
50.722685,0.773457,50.722685,2e-06
50.74892,0.77376,50.74892,2e-06
50.775155,0.7740629999999999,50.775155,2e-06
50.80139,0.7743640000000001,50.80139,2e-06
50.827625,0.774665,50.827625,2e-06
50.853861,0.774965,50.853861,2e-06
50.880096,0.775265,50.880096,2e-06
50.906331,0.775563,50.906331,2e-06
50.932566,0.775861,50.932566,2e-06
50.958802,0.776158,50.958802,2e-06
50.985037,0.776454,50.985037,2e-06
51.011272,0.7767500000000001,51.011272,2e-06
51.037507,0.777044,51.037507,2e-06
51.063742,0.777339,51.063742,2e-06
51.089978,0.777632,51.089978,2e-06
51.116213,0.7779239999999999,51.116213,2e-06
51.142448,0.778216,51.142448,2e-06
51.168683,0.7785069999999999,51.168683,2e-06
51.194919,0.778798,51.194919,2e-06
51.221154,0.779087,51.221154,2e-06
51.247389,0.779376,51.247389,2e-06
51.273624,0.7796650000000001,51.273624,2e-06
51.299859,0.779952,51.299859,2e-06
51.326095,0.780239,51.326095,2e-06
51.35233,0.780525,51.35233,2e-06
51.378565,0.78081,51.378565,2e-06
51.4048,0.781095,51.4048,1e-06
51.431036,0.781379,51.431036,1e-06
51.457271,0.781662,51.457271,1e-06
51.483506,0.781945,51.483506,1e-06
51.509741,0.782227,51.509741,1e-06
51.535976,0.782508,51.535976,1e-06
51.562212,0.782789,51.562212,1e-06
51.588447,0.783069,51.588447,1e-06
51.614682,0.783348,51.614682,1e-06
51.640917,0.783626,51.640917,1e-06
51.667153,0.783904,51.667153,1e-06
51.693388,0.784182,51.693388,1e-06
51.719623,0.784458,51.719623,1e-06
51.745858,0.784734,51.745858,1e-06
51.772093,0.785009,51.772093,1e-06
51.798329,0.785284,51.798329,1e-06
51.824564,0.785558,51.824564,1e-06
51.850799,0.7858309999999999,51.850799,1e-06
51.877034,0.786104,51.877034,1e-06
51.90327,0.786376,51.90327,1e-06
51.929505,0.786647,51.929505,1e-06
51.95574,0.786918,51.95574,1e-06
51.981975,0.787188,51.981975,1e-06
52.00821,0.787458,52.00821,1e-06
52.034446,0.787726,52.034446,1e-06
52.060681,0.787995,52.060681,1e-06
52.086916,0.788262,52.086916,0
52.113151,0.788529,52.113151,0
52.139387,0.7887960000000001,52.139387,0
52.165622,0.789061,52.165622,0
52.191857,0.789327,52.191857,0
52.218092,0.789591,52.218092,0
52.244327,0.789855,52.244327,0
52.270563,0.790118,52.270563,0
52.296798,0.790381,52.296798,0
52.323033,0.790643,52.323033,0
52.349268,0.790905,52.349268,0
52.375504,0.791166,52.375504,0
52.401739,0.791426,52.401739,0
52.427974,0.791686,52.427974,0
52.454209,0.791945,52.454209,0
