0.01,5.886957,0.01,0
0.031205,5.887078,0.031205,0
0.05241,5.887324,0.05241,0
0.073614,5.887694,0.073614,0
0.094819,5.888189,0.094819,0
0.116024,5.888809,0.116024,0
0.137229,5.889554,0.137229,0
0.158434,5.890424,0.158434,0
0.179639,5.89142,0.179639,0
0.200843,5.892542,0.200843,0
0.222048,5.89379,0.222048,0
0.243253,5.895164,0.243253,0
0.264458,5.896665,0.264458,0
0.285663,5.898293,0.285663,0
0.306868,5.900049,0.306868,0
0.328072,5.901933,0.328072,0
0.349277,5.903946,0.349277,0
0.370482,5.906088,0.370482,0
0.391687,5.90836,0.391687,0
0.412892,5.910763,0.412892,0
0.434096,5.913297,0.434096,0
0.455301,5.915962,0.455301,0
0.476506,5.918761,0.476506,0
0.497711,5.921693,0.497711,0
0.518916,5.924759,0.518916,0
0.540121,5.927961,0.540121,0
0.561325,5.9313,0.561325,0
0.58253,5.934775,0.58253,0
0.603735,5.938389,0.603735,0
0.6249400000000001,5.942142,0.6249400000000001,0
0.646145,5.946036,0.646145,0
0.66735,5.950071,0.66735,0
0.688554,5.95425,0.688554,0
0.709759,5.958572,0.709759,0
0.7309639999999999,5.963041,0.7309639999999999,0
0.752169,5.967657,0.752169,0
0.773374,5.972421,0.773374,0
0.794578,5.977335,0.794578,0
0.815783,5.982402,0.815783,0
0.836988,5.987622,0.836988,0
0.858193,5.992997,0.858193,0
0.879398,5.998529,0.879398,0
0.900603,6.00422,0.900603,0
0.921807,6.010072,0.921807,0
0.943012,6.016088,0.943012,0
0.964217,6.022268,0.964217,0
0.985422,6.028616,0.985422,0
1.006627,6.035134,1.006627,0
1.027832,6.041825,1.027832,0
1.049036,6.048691,1.049036,0
1.070241,6.055735,1.070241,0
1.091446,6.06296,1.091446,0
1.112651,6.070368,1.112651,4e-06
1.133856,6.077961,1.133856,5e-06
1.15506,6.085746,1.15506,6e-06
1.176265,6.093724,1.176265,1e-05
1.19747,6.101897,1.19747,1.6e-05
1.218675,6.110271,1.218675,1.9e-05
1.23988,6.118849,1.23988,2.7e-05
1.261085,6.127634,1.261085,3.7e-05
1.282289,6.136631,1.282289,4.5e-05
1.303494,6.145846,1.303494,5.4e-05
1.324699,6.155282,1.324699,7.3e-05
1.345904,6.164941,1.345904,9.2e-05
1.367109,6.174831,1.367109,0.000111
1.388314,6.184958,1.388314,0.000133
1.409518,6.195327,1.409518,0.00016
1.430723,6.205945,1.430723,0.000194
1.451928,6.216814,1.451928,0.000236
1.473133,6.227942,1.473133,0.000281
1.494338,6.239339,1.494338,0.000333
1.515542,6.251009,1.515542,0.0004
1.536747,6.262958,1.536747,0.000473
1.557952,6.275198,1.557952,0.000558
1.579157,6.287733,1.579157,0.000663
1.600362,6.300571,1.600362,0.000783
1.621567,6.313724,1.621567,0.000918
1.642771,6.3272,1.642771,0.001079
1.663976,6.341009,1.663976,0.001262
1.685181,6.355159,1.685181,0.001478
1.706386,6.369661,1.706386,0.001723
1.727591,6.384528,1.727591,0.002008
1.748795,6.399768,1.748795,0.002334
1.77,6.415395,1.77,0.002706
1.791205,6.431422,1.791205,0.003133
1.81241,6.447859,1.81241,0.003624
1.833615,6.46472,1.833615,0.004182
1.85482,6.482018,1.85482,0.004818
1.876024,6.499767,1.876024,0.005543
1.897229,6.51798,1.897229,0.006362
1.918434,6.536673,1.918434,0.007292
1.939639,6.555861,1.939639,0.008342
1.960844,6.575557,1.960844,0.00953
1.982049,6.595777,1.982049,0.010867
2.003253,6.616535,2.003253,0.012374
2.024458,6.637846,2.024458,0.014063
2.045663,6.659727,2.045663,0.015957
2.066868,6.682191,2.066868,0.018077
2.088073,6.705255,2.088073,0.020444
2.109277,6.728932,2.109277,0.023084
2.130482,6.753233,2.130482,0.02603
2.151687,6.778172,2.151687,0.029296
2.172892,6.803762,2.172892,0.032918
2.194097,6.830016,2.194097,0.03693
2.215302,6.856942,2.215302,0.041362
2.236506,6.884551,2.236506,0.046251
2.257711,6.912848,2.257711,0.051634
2.278916,6.941841,2.278916,0.057553
2.300121,6.971534,2.300121,0.064043
2.321326,7.00193,2.321326,0.07115100000000001
2.342531,7.033028,2.342531,0.07892299999999999
2.363735,7.064826,2.363735,0.087404
2.38494,7.097318,2.38494,0.09664399999999999
2.406145,7.130497,2.406145,0.106687
2.42735,7.164352,2.42735,0.117597
2.448555,7.198864,2.448555,0.12941
2.469759,7.234022,2.469759,0.142184
2.490964,7.269803,2.490964,0.155975
2.512169,7.306184,2.512169,0.170832
2.533374,7.34313,2.533374,0.18683
2.554579,7.380606,2.554579,0.203993
2.575784,7.418581,2.575784,0.222386
2.596988,7.457015,2.596988,0.24206
2.618193,7.495859,2.618193,0.263074
2.639398,7.535063,2.639398,0.285468
2.660603,7.574573,2.660603,0.309297
2.681808,7.61433,2.681808,0.334602
2.703013,7.654272,2.703013,0.361429
2.724217,7.69433,2.724217,0.389815
2.745422,7.734434,2.745422,0.419796
2.766627,7.774511,2.766627,0.451404
2.787832,7.81448,2.787832,0.48467
2.809037,7.854259,2.809037,0.519618
2.830241,7.893762,2.830241,0.556258
2.851446,7.932903,2.851446,0.594607
2.872651,7.971591,2.872651,0.634673
2.893856,8.009733000000001,2.893856,0.676447
2.915061,8.047241,2.915061,0.719928
2.936266,8.084019,2.936266,0.765104
2.95747,8.11997,2.95747,0.811954
2.978675,8.155004,2.978675,0.860447
2.99988,8.189026,2.99988,0.9105529999999999
3.021085,8.221942,3.021085,0.9622309999999999
3.04229,8.253664000000001,3.04229,1.015427
3.063495,8.284105,3.063495,1.070086
3.084699,8.313181,3.084699,1.126151
3.105904,8.340809999999999,3.105904,1.183544
3.127109,8.36692,3.127109,1.242194
3.148314,8.391438000000001,3.148314,1.302017
3.169519,8.414296999999999,3.169519,1.36293
3.190723,8.435439000000001,3.190723,1.42483
3.211928,8.454812,3.211928,1.487629
3.233133,8.472369,3.233133,1.551216
3.254338,8.488073,3.254338,1.615491
3.275543,8.501892,3.275543,1.680339
3.296748,8.513806000000001,3.296748,1.745652
3.317952,8.523799,3.317952,1.811317
3.339157,8.531864000000001,3.339157,1.877219
3.360362,8.538005999999999,3.360362,1.94324
3.381567,8.542237,3.381567,2.009272
3.402772,8.544575999999999,3.402772,2.075199
3.423977,8.545052999999999,3.423977,2.140914
3.445181,8.543701,3.445181,2.206311
3.466386,8.540565000000001,3.466386,2.271287
3.487591,8.535696,3.487591,2.335739
3.508796,8.529153000000001,3.508796,2.399578
3.530001,8.521003,3.530001,2.462711
3.551205,8.511315,3.551205,2.525064
3.57241,8.500166,3.57241,2.586557
3.593615,8.487638,3.593615,2.647124
3.61482,8.473814000000001,3.61482,2.706708
3.636025,8.458783,3.636025,2.765253
3.65723,8.442640000000001,3.65723,2.822712
3.678434,8.425481,3.678434,2.879055
3.699639,8.407396,3.699639,2.934263
3.720844,8.388479,3.720844,2.98831
3.742049,8.368824999999999,3.742049,3.041189
3.763254,8.348527000000001,3.763254,3.092895
3.784459,8.327680000000001,3.784459,3.143436
3.805663,8.306369999999999,3.805663,3.192835
3.826868,8.284678,3.826868,3.241107
3.848073,8.262689,3.848073,3.288276
3.869278,8.240481000000001,3.869278,3.334382
3.890483,8.218127000000001,3.890483,3.379465
3.911687,8.195691,3.911687,3.42358
3.932892,8.173230999999999,3.932892,3.466765
3.954097,8.150805,3.954097,3.509078
3.975302,8.128461,3.975302,3.550579
3.996507,8.106237999999999,3.996507,3.591328
4.017712,8.084173,4.017712,3.631382
4.038916,8.062296,4.038916,3.670805
4.060121,8.040627000000001,4.060121,3.709665
4.081326,8.019183,4.081326,3.748021
4.102531,7.997972,4.102531,3.785933
4.123736,7.976999,4.123736,3.823459
4.144941,7.956263,4.144941,3.860665
4.166145,7.935753,4.166145,3.897594
4.18735,7.915463,4.18735,3.934304
4.208555,7.895376,4.208555,3.970837
4.22976,7.875474,4.22976,4.007239
4.250965,7.855737,4.250965,4.043553
4.272169,7.836138,4.272169,4.079813
4.293374,7.816652,4.293374,4.116047
4.314579,7.79725,4.314579,4.15229
4.335784,7.777903,4.335784,4.188549
4.356989,7.758586,4.356989,4.224849
4.378194,7.73927,4.378194,4.261208
4.399398,7.719925,4.399398,4.297628
4.420603,7.700525,4.420603,4.334123
4.441808,7.681045,4.441808,4.370686
4.463013,7.661463,4.463013,4.407319
4.484218,7.641757,4.484218,4.444025
4.505422,7.621909,4.505422,4.48079
4.526627,7.601905,4.526627,4.517612
4.547832,7.581729,4.547832,4.554484
4.569037,7.561373,4.569037,4.591395
4.590242,7.540826,4.590242,4.628344
4.611447,7.520084,4.611447,4.665308
4.632651,7.499146,4.632651,4.702294
4.653856,7.478008,4.653856,4.739285
4.675061,7.456675,4.675061,4.776281
4.696266,7.435149,4.696266,4.813279
4.717471,7.413434,4.717471,4.850277
4.738676,7.391538,4.738676,4.887273
4.75988,7.369466,4.75988,4.92428
4.781085,7.347225,4.781085,4.9613
4.80229,7.324821,4.80229,4.998345
4.823495,7.302259,4.823495,5.035426
4.8447,7.279544,4.8447,5.07256
4.865904,7.25668,4.865904,5.109764
4.887109,7.233667,4.887109,5.147065
4.908314,7.210504,4.908314,5.184481
4.929519,7.187183,4.929519,5.222048
4.950724,7.163696,4.950724,5.259782
4.971929,7.140033,4.971929,5.297715
4.993133,7.116178,4.993133,5.335881
5.014338,7.09211,5.014338,5.374307
5.035543,7.067805,5.035543,5.413023
5.056748,7.043234,5.056748,5.452063
5.077953,7.018363,5.077953,5.491452
5.099158,6.993155,5.099158,5.531213
5.120362,6.967566,5.120362,5.57138
5.141567,6.941545,5.141567,5.611969
5.162772,6.915044,5.162772,5.65299
5.183977,6.88801,5.183977,5.694461
5.205182,6.860382,5.205182,5.736389
5.226386,6.832101,5.226386,5.778773
5.247591,6.803102,5.247591,5.821622
5.268796,6.773316,5.268796,5.864913
5.290001,6.742681,5.290001,5.908632
5.311206,6.711125,5.311206,5.952765
5.332411,6.678578,5.332411,5.997278
5.353615,6.644973,5.353615,6.042128
5.37482,6.61024,5.37482,6.087281
5.396025,6.574314,5.396025,6.13267
5.41723,6.537134,5.41723,6.178246
5.438435,6.498642,5.438435,6.223932
5.45964,6.458782,5.45964,6.269663
5.480844,6.417502,5.480844,6.315353
5.502049,6.374761,5.502049,6.360917
5.523254,6.330516,5.523254,6.40626
5.544459,6.284736,5.544459,6.451284
5.565664,6.237399,5.565664,6.495877
5.586868,6.188489,5.586868,6.539943
5.608073,6.137997,5.608073,6.583357
5.629278,6.085928,5.629278,6.626009
5.650483,6.032294,5.650483,6.667784
5.671688,5.977113,5.671688,6.708569
5.692893,5.920413,5.692893,6.748236
5.714097,5.862241,5.714097,6.786671
5.735302,5.802643,5.735302,6.823764
5.756507,5.741681,5.756507,6.859391
5.777712,5.679428,5.777712,6.89345
5.798917,5.615961,5.798917,6.925844
5.820122,5.551363,5.820122,6.956465
5.841326,5.485739,5.841326,6.985209
5.862531,5.419196,5.862531,7.012003
5.883736,5.351844,5.883736,7.036774
5.904941,5.283802,5.904941,7.059437
5.926146,5.215202,5.926146,7.079939
5.94735,5.146177,5.94735,7.098226
5.968555,5.076868,5.968555,7.11426
5.98976,5.007413,5.98976,7.128022
6.010965,4.937958,6.010965,7.139483
6.03217,4.86865,6.03217,7.148642
6.053375,4.79964,6.053375,7.155505
6.074579,4.731073,6.074579,7.160092
6.095784,4.663103,6.095784,7.162427
6.116989,4.595873,6.116989,7.162564
6.138194,4.529527,6.138194,7.160553
6.159399,4.464204,6.159399,7.15646
6.180604,4.400039,6.180604,7.150365
6.201808,4.337164,6.201808,7.142351
6.223013,4.275702,6.223013,7.132528
6.244218,4.215768,6.244218,7.121
6.265423,4.157469,6.265423,7.10789
6.286628,4.100903,6.286628,7.093328
6.307832,4.046157,6.307832,7.077444
6.329037,3.993314,6.329037,7.060379
6.350242,3.942443,6.350242,7.042294
6.371447,3.893596,6.371447,7.023341
6.392652,3.846821,6.392652,7.003675
6.413857,3.802149,6.413857,6.983466
6.435061,3.759601,6.435061,6.962874
6.456266,3.719186,6.456266,6.942072
6.477471,3.680899,6.477471,6.921225
6.498676,3.644725,6.498676,6.900503
6.519881,3.610632,6.519881,6.880071
6.541086,3.578578,6.541086,6.860096
6.56229,3.54851,6.56229,6.840735
6.583495,3.520362,6.583495,6.822148
6.6047,3.494055,6.6047,6.804482
6.625905,3.469502,6.625905,6.787881
6.64711,3.446607,6.64711,6.772482
6.668314,3.425258,6.668314,6.758426
6.689519,3.405334,6.689519,6.745826
6.710724,3.38671,6.710724,6.734792
6.731929,3.36925,6.731929,6.725432
6.753134,3.35281,6.753134,6.717832
6.774339,3.337243,6.774339,6.712074
6.795543,3.322394,6.795543,6.708227
6.816748,3.308101,6.816748,6.706354
6.837953,3.2942,6.837953,6.706491
6.859158,3.280525,6.859158,6.70867
6.880363,3.266909,6.880363,6.712914
6.901568,3.253181,6.901568,6.719226
6.922772,3.239172,6.922772,6.727606
6.943977,3.224711,6.943977,6.738023
6.965182,3.209634,6.965182,6.750458
6.986387,3.193772,6.986387,6.764861
7.007592,3.176963,7.007592,6.781174
7.028796,3.15905,7.028796,6.799333
7.050001,3.139884,7.050001,6.819237
7.071206,3.119322,7.071206,6.840826
7.092411,3.097217,7.092411,6.863982
7.113616,3.073437,7.113616,6.888597
7.134821,3.047859,7.134821,6.914537
7.156025,3.020369,7.156025,6.941683
7.17723,2.990863,7.17723,6.969888
7.198435,2.959244,7.198435,6.999012
7.21964,2.925426,7.21964,7.028893
7.240845,2.889338,7.240845,7.059382
7.26205,2.850913,7.26205,7.090311
7.283254,2.810099,7.283254,7.121507
7.304459,2.766858,7.304459,7.152802
7.325664,2.721164,7.325664,7.184017
7.346869,2.673001,7.346869,7.214984
7.368074,2.622363,7.368074,7.245524
7.389278,2.56926,7.389278,7.27546
7.410483,2.51371,7.410483,7.304622
7.431688,2.455745,7.431688,7.332833
7.452893,2.395409,7.452893,7.359922
7.474098,2.332757,7.474098,7.385726
7.495303,2.267852,7.495303,7.410084
7.516507,2.200772,7.516507,7.432836
7.537712,2.131603,7.537712,7.45383
7.558917,2.060443,7.558917,7.47293
7.580122,1.987393,7.580122,7.489996
7.601327,1.912568,7.601327,7.504897
7.622531,1.83609,7.622531,7.51752
7.643736,1.758083,7.643736,7.527751
7.664941,1.678684,7.664941,7.535484
7.686146,1.598036,7.686146,7.540631
7.707351,1.516281,7.707351,7.543114
7.728556,1.433571,7.728556,7.542855
7.74976,1.350059,7.74976,7.539801
7.770965,1.2659,7.770965,7.533898
7.79217,1.181252,7.79217,7.525112
7.813375,1.096273,7.813375,7.513411
7.83458,1.011124,7.83458,7.498777
7.855785,0.925964,7.855785,7.481206
7.876989,0.840951,7.876989,7.460705
7.898194,0.7562410000000001,7.898194,7.437285
7.919399,0.6719850000000001,7.919399,7.410975
7.940604,0.588336,7.940604,7.381801
7.961809,0.505441,7.961809,7.349811
7.983013,0.423444,7.983013,7.315057
8.004218,0.342482,8.004218,7.277604
8.025423,0.262686,8.025423,7.237522
8.046628,0.184182,8.046628,7.194885
8.067833,0.10709,8.067833,7.149775
8.089038,0.031524,8.089038,7.102287
8.110242,-0.042411,8.110242,7.052517
8.131447,-0.114616,8.131447,7.000561
8.152652,-0.184997,8.152652,6.946533
8.173857,-0.253477,8.173857,6.890545
8.195062,-0.31998,8.195062,6.832703
8.216267,-0.384437,8.216267,6.773118
8.237470999999999,-0.446785,8.237470999999999,6.711916
8.258675999999999,-0.506975,8.258675999999999,6.649217
8.279881,-0.564963,8.279881,6.585141
8.301086,-0.620716,8.301086,6.519808
8.322291,-0.674204,8.322291,6.453333
8.343495000000001,-0.725403,8.343495000000001,6.385842
8.364699999999999,-0.774304,8.364699999999999,6.317456
8.385904999999999,-0.8209,8.385904999999999,6.248284
8.407109999999999,-0.865192,8.407109999999999,6.17844
8.428315,-0.907182,8.428315,6.108032
8.44952,-0.946882,8.44952,6.037177
8.470724000000001,-0.984313,8.470724000000001,5.965977
8.491929000000001,-1.019497,8.491929000000001,5.894529
8.513134000000001,-1.052458,8.513134000000001,5.822934
8.534338999999999,-1.083232,8.534338999999999,5.751286
8.555543999999999,-1.111855,8.555543999999999,5.679672
8.576749,-1.138365,8.576749,5.608173
8.597953,-1.162803,8.597953,5.536874
8.619158000000001,-1.185215,8.619158000000001,5.465848
8.640363000000001,-1.205652,8.640363000000001,5.395171
8.661568000000001,-1.22416,8.661568000000001,5.324898
8.682772999999999,-1.24079,8.682772999999999,5.255105
8.703977,-1.255597,8.703977,5.185839
8.725182,-1.268635,8.725182,5.117161
8.746387,-1.279959,8.746387,5.049116
8.767592,-1.289622,8.767592,4.981746
8.788797000000001,-1.297679,8.788797000000001,4.915094
8.810002000000001,-1.304186,8.810002000000001,4.8492
8.831206,-1.309194,8.831206,4.78409
8.852411,-1.312758,8.852411,4.719809
8.873616,-1.314936,8.873616,4.656374
8.894821,-1.315777,8.894821,4.593807
8.916026,-1.315331,8.916026,4.532135
8.937231000000001,-1.313649,8.937231000000001,4.471375
8.958435,-1.310783,8.958435,4.41155
8.97964,-1.306781,8.97964,4.352669
9.000845,-1.301689,9.000845,4.294742
9.02205,-1.295554,9.02205,4.237788
9.043255,-1.288423,9.043255,4.181812
9.064458999999999,-1.280338,9.064458999999999,4.12682
9.085664,-1.271343,9.085664,4.072822
9.106869,-1.261477,9.106869,4.019816
9.128074,-1.250782,9.128074,3.967821
9.149279,-1.239299,9.149279,3.916827
9.170484,-1.227066,9.170484,3.866845
9.191687999999999,-1.214124,9.191687999999999,3.817873
9.212892999999999,-1.200508,9.212892999999999,3.76991
9.234097999999999,-1.186255,9.234097999999999,3.722957
9.255303,-1.1714,9.255303,3.677017
9.276508,-1.155981,9.276508,3.632082
9.297713,-1.14003,9.297713,3.588154
9.318917000000001,-1.123581,9.318917000000001,3.545229
9.340121999999999,-1.10667,9.340121999999999,3.503306
9.361326999999999,-1.08933,9.361326999999999,3.462376
9.382531999999999,-1.071593,9.382531999999999,3.422436
9.403737,-1.053489,9.403737,3.383478
9.424941,-1.035052,9.424941,3.3455
9.446146000000001,-1.016312,9.446146000000001,3.308486
9.467351000000001,-0.997297,9.467351000000001,3.272438
9.488556000000001,-0.978041,9.488556000000001,3.237346
9.509760999999999,-0.958574,9.509760999999999,3.203194
9.530965999999999,-0.938923,9.530965999999999,3.169975
9.55217,-0.919119,9.55217,3.137678
9.573375,-0.899187,9.573375,3.106286
9.594580000000001,-0.879154,9.594580000000001,3.07579
9.615785000000001,-0.859048,9.615785000000001,3.04618
9.636990000000001,-0.838896,9.636990000000001,3.01743
9.658194999999999,-0.8187179999999999,9.658194999999999,2.98953
9.679399,-0.7985409999999999,9.679399,2.962471
9.700604,-0.77839,9.700604,2.936229
9.721809,-0.758287,9.721809,2.910787
9.743014000000001,-0.738255,9.743014000000001,2.886129
9.764219000000001,-0.718312,9.764219000000001,2.862226
9.785423,-0.698477,9.785423,2.83907
9.806628,-0.678772,9.806628,2.816635
9.827833,-0.659212,9.827833,2.794896
9.849038,-0.639812,9.849038,2.773835
9.870243,-0.620588,9.870243,2.753435
9.891448,-0.601553,9.891448,2.733662
9.912652,-0.582719,9.912652,2.714508
9.933857,-0.564099,9.933857,2.695941
9.955062,-0.545705,9.955062,2.677945
9.976267,-0.527544,9.976267,2.660487
9.997472,-0.509623,9.997472,2.643552
10.018677,-0.49195,10.018677,2.627113
10.039881,-0.474527,10.039881,2.611147
10.061086,-0.457358,10.061086,2.595634
10.082291,-0.440448,10.082291,2.580559
10.103496,-0.4238,10.103496,2.565888
10.124701,-0.407413,10.124701,2.551611
10.145905,-0.391288,10.145905,2.537699
10.16711,-0.375423,10.16711,2.524136
10.188315,-0.359815,10.188315,2.510896
10.20952,-0.344459,10.20952,2.497968
10.230725,-0.329351,10.230725,2.485333
10.25193,-0.314488,10.25193,2.472972
10.273134,-0.299863,10.273134,2.460871
10.294339,-0.285472,10.294339,2.449013
10.315544,-0.271305,10.315544,2.437379
10.336749,-0.257351,10.336749,2.42596
10.357954,-0.243606,10.357954,2.414748
10.379158,-0.230062,10.379158,2.403729
10.400363,-0.216709,10.400363,2.392888
10.421568,-0.203538,10.421568,2.382223
10.442773,-0.190542,10.442773,2.371721
10.463978,-0.177712,10.463978,2.361376
10.485183,-0.165038,10.485183,2.35118
10.506387,-0.152509,10.506387,2.341124
10.527592,-0.140116,10.527592,2.331212
10.548797,-0.127851,10.548797,2.321432
10.570002,-0.115707,10.570002,2.311791
10.591207,-0.103675,10.591207,2.302279
10.612412,-0.091748,10.612412,2.292898
10.633616,-0.079918,10.633616,2.283644
10.654821,-0.068177,10.654821,2.274526
10.676026,-0.056523,10.676026,2.265536
10.697231,-0.044947,10.697231,2.256679
10.718436,-0.033447,10.718436,2.247959
10.73964,-0.022018,10.73964,2.239373
10.760845,-0.010656,10.760845,2.230926
10.78205,0.000642,10.78205,2.222618
10.803255,0.011878,10.803255,2.214455
10.82446,0.023053,10.82446,2.20644
10.845665,0.034167,10.845665,2.198578
10.866869,0.045219,10.866869,2.190865
10.888074,0.05621,10.888074,2.183305
10.909279,0.06714000000000001,10.909279,2.175904
10.930484,0.078004,10.930484,2.168661
10.951689,0.08880200000000001,10.951689,2.161581
10.972894,0.09952800000000001,10.972894,2.154661
10.994098,0.110182,10.994098,2.147902
11.015303,0.120757,11.015303,2.141307
11.036508,0.131252,11.036508,2.134871
11.057713,0.141662,11.057713,2.128595
11.078918,0.151983,11.078918,2.122479
11.100122,0.162209,11.100122,2.116518
11.121327,0.172336,11.121327,2.110713
11.142532,0.182358,11.142532,2.105055
11.163737,0.192273,11.163737,2.099539
11.184942,0.202077,11.184942,2.094163
11.206147,0.211765,11.206147,2.08892
11.227351,0.221334,11.227351,2.083802
11.248556,0.230783,11.248556,2.078804
11.269761,0.240108,11.269761,2.073919
11.290966,0.249306,11.290966,2.069136
11.312171,0.258377,11.312171,2.06445
11.333376,0.267322,11.333376,2.059845
11.35458,0.27614,11.35458,2.055321
11.375785,0.284833,11.375785,2.050865
11.39699,0.293401,11.39699,2.046468
11.418195,0.301848,11.418195,2.042118
11.4394,0.310177,11.4394,2.037808
11.460604,0.318393,11.460604,2.033528
11.481809,0.326501,11.481809,2.029269
11.503014,0.334506,11.503014,2.025024
11.524219,0.342416,11.524219,2.020782
11.545424,0.350239,11.545424,2.016534
11.566629,0.357983,11.566629,2.012278
11.587833,0.365655,11.587833,2.008003
11.609038,0.373268,11.609038,2.003704
11.630243,0.380831,11.630243,1.999374
11.651448,0.388356,11.651448,1.995014
11.672653,0.395853,11.672653,1.990616
11.693858,0.403333,11.693858,1.986181
11.715062,0.410809,11.715062,1.981707
11.736267,0.418291,11.736267,1.977193
11.757472,0.425792,11.757472,1.972638
11.778677,0.433326,11.778677,1.968043
11.799882,0.440904,11.799882,1.963416
11.821086,0.448538,11.821086,1.958756
11.842291,0.45624,11.842291,1.95407
11.863496,0.46402,11.863496,1.949366
11.884701,0.471889,11.884701,1.944648
11.905906,0.479859,11.905906,1.939923
11.927111,0.487938,11.927111,1.935202
11.948315,0.496136,11.948315,1.930496
11.96952,0.50446,11.96952,1.92581
11.990725,0.51292,11.990725,1.921157
12.01193,0.521523,12.01193,1.916552
12.033135,0.530273,12.033135,1.912007
12.05434,0.539175,12.05434,1.907534
12.075544,0.548234,12.075544,1.903145
12.096749,0.557451,12.096749,1.898855
12.117954,0.566829,12.117954,1.894678
12.139159,0.576369,12.139159,1.890627
12.160364,0.586072,12.160364,1.886715
12.181568,0.5959370000000001,12.181568,1.882961
12.202773,0.605959,12.202773,1.879375
12.223978,0.616137,12.223978,1.875975
12.245183,0.626465,12.245183,1.87277
12.266388,0.636938,12.266388,1.869777
12.287593,0.647551,12.287593,1.867007
12.308797,0.658297,12.308797,1.864474
12.330002,0.669166,12.330002,1.86219
12.351207,0.680151,12.351207,1.860165
12.372412,0.691242,12.372412,1.858413
12.393617,0.702426,12.393617,1.856942
12.414822,0.713695,12.414822,1.85576
12.436026,0.725038,12.436026,1.854876
12.457231,0.736441,12.457231,1.854302
12.478436,0.7478900000000001,12.478436,1.854042
12.499641,0.759375,12.499641,1.854101
12.520846,0.77088,12.520846,1.854487
12.54205,0.782393,12.54205,1.855199
12.563255,0.7939000000000001,12.563255,1.856247
12.58446,0.805385,12.58446,1.857632
12.605665,0.8168339999999999,12.605665,1.859351
12.62687,0.8282350000000001,12.62687,1.861408
12.648075,0.839573,12.648075,1.863803
12.669279,0.850833,12.669279,1.866532
12.690484,0.862002,12.690484,1.869596
12.711689,0.873066,12.711689,1.872991
12.732894,0.88401,12.732894,1.876711
12.754099,0.894824,12.754099,1.880752
12.775304,0.905495,12.775304,1.88511
12.796508,0.91601,12.796508,1.88978
12.817713,0.926357,12.817713,1.894753
12.838918,0.936524,12.838918,1.900021
12.860123,0.946503,12.860123,1.905577
12.881328,0.956283,12.881328,1.911413
12.902532,0.965854,12.902532,1.917521
12.923737,0.975207,12.923737,1.92389
12.944942,0.984334,12.944942,1.930511
12.966147,0.993227,12.966147,1.937374
12.987352,1.001879,12.987352,1.944467
13.008557,1.010285,13.008557,1.951782
13.029761,1.018438,13.029761,1.959305
13.050966,1.026333,13.050966,1.967028
13.072171,1.033967,13.072171,1.974938
13.093376,1.041334,13.093376,1.983026
13.114581,1.048434,13.114581,1.991276
13.135786,1.055263,13.135786,1.999682
13.15699,1.061819,13.15699,2.008231
13.178195,1.068102,13.178195,2.016912
13.1994,1.074111,13.1994,2.025716
13.220605,1.079844,13.220605,2.034631
13.24181,1.085304,13.24181,2.043645
13.263014,1.090491,13.263014,2.052751
13.284219,1.095406,13.284219,2.061939
13.305424,1.100052,13.305424,2.071195
13.326629,1.10443,13.326629,2.080516
13.347834,1.108543,13.347834,2.089888
13.369039,1.112395,13.369039,2.099304
13.390243,1.115989,13.390243,2.108757
13.411448,1.119329,13.411448,2.118238
13.432653,1.122418,13.432653,2.12774
13.453858,1.125261,13.453858,2.137254
13.475063,1.127864,13.475063,2.146775
13.496267,1.130229,13.496267,2.156298
13.517472,1.132362,13.517472,2.165812
13.538677,1.134269,13.538677,2.175315
13.559882,1.135956,13.559882,2.184803
13.581087,1.137428,13.581087,2.194269
13.602292,1.138688,13.602292,2.203711
13.623496,1.139743,13.623496,2.213122
13.644701,1.140599,13.644701,2.222501
13.665906,1.141261,13.665906,2.231842
13.687111,1.141735,13.687111,2.241144
13.708316,1.142028,13.708316,2.250403
13.729521,1.142145,13.729521,2.259621
13.750725,1.142089,13.750725,2.268794
13.77193,1.141866,13.77193,2.27792
13.793135,1.141482,13.793135,2.286999
13.81434,1.140942,13.81434,2.296031
13.835545,1.140249,13.835545,2.305012
13.856749,1.139411,13.856749,2.313944
13.877954,1.138431,13.877954,2.322829
13.899159,1.137311,13.899159,2.331667
13.920364,1.136057,13.920364,2.340457
13.941569,1.134673,13.941569,2.349198
13.962774,1.133161,13.962774,2.357896
13.983978,1.131525,13.983978,2.366548
14.005183,1.129769,14.005183,2.375151
14.026388,1.127897,14.026388,2.383716
14.047593,1.125909,14.047593,2.392241
14.068798,1.123807,14.068798,2.400725
14.090003,1.121593,14.090003,2.409171
14.111207,1.119269,14.111207,2.41758
14.132412,1.116836,14.132412,2.42595
14.153617,1.114297,14.153617,2.434284
14.174822,1.111653,14.174822,2.442584
14.196027,1.108904,14.196027,2.45085
14.217231,1.106052,14.217231,2.459082
14.238436,1.103097,14.238436,2.467281
14.259641,1.100039,14.259641,2.475448
14.280846,1.09688,14.280846,2.483581
14.302051,1.093621,14.302051,2.491681
14.323256,1.090261,14.323256,2.499748
14.34446,1.086803,14.34446,2.50778
14.365665,1.083246,14.365665,2.515777
14.38687,1.079592,14.38687,2.523738
14.408075,1.075842,14.408075,2.531661
14.42928,1.071997,14.42928,2.539545
14.450485,1.06806,14.450485,2.54739
14.471689,1.064033,14.471689,2.555192
14.492894,1.059916,14.492894,2.562952
14.514099,1.055714,14.514099,2.570665
14.535304,1.05143,14.535304,2.578331
14.556509,1.047068,14.556509,2.585951
14.577713,1.042629,14.577713,2.59352
14.598918,1.038119,14.598918,2.601038
14.620123,1.033544,14.620123,2.608504
14.641328,1.028908,14.641328,2.615919
14.662533,1.024217,14.662533,2.623281
14.683738,1.019476,14.683738,2.630591
14.704942,1.014692,14.704942,2.637851
14.726147,1.00987,14.726147,2.64506
14.747352,1.00502,14.747352,2.652222
14.768557,1.000146,14.768557,2.65934
14.789762,0.9952569999999999,14.789762,2.666417
14.810967,0.99036,14.810967,2.673457
14.832171,0.985463,14.832171,2.680468
14.853376,0.980571,14.853376,2.687455
14.874581,0.975693,14.874581,2.694427
14.895786,0.970834,14.895786,2.701391
14.916991,0.966002,14.916991,2.708357
14.938195,0.961202,14.938195,2.715336
14.9594,0.956438,14.9594,2.72234
14.980605,0.951716,14.980605,2.729381
15.00181,0.947038,15.00181,2.736475
15.023015,0.942407,15.023015,2.743632
15.04422,0.937826,15.04422,2.75087
15.065424,0.933294,15.065424,2.758208
15.086629,0.92881,15.086629,2.765658
15.107834,0.924373,15.107834,2.773243
15.129039,0.919976,15.129039,2.780979
15.150244,0.915614,15.150244,2.788885
15.171449,0.91128,15.171449,2.796977
15.192653,0.906966,15.192653,2.805277
15.213858,0.90266,15.213858,2.813803
15.235063,0.89835,15.235063,2.822572
15.256268,0.894021,15.256268,2.831606
15.277473,0.889657,15.277473,2.840922
15.298677,0.885238,15.298677,2.850536
15.319882,0.8807430000000001,15.319882,2.860463
15.341087,0.876152,15.341087,2.870719
15.362292,0.87144,15.362292,2.881316
15.383497,0.866583,15.383497,2.892268
15.404702,0.861552,15.404702,2.903587
15.425906,0.856317,15.425906,2.915278
15.447111,0.85085,15.447111,2.927349
15.468316,0.845121,15.468316,2.939804
15.489521,0.839094,15.489521,2.952646
15.510726,0.832739,15.510726,2.965873
15.531931,0.82602,15.531931,2.979484
15.553135,0.818904,15.553135,2.993474
15.57434,0.811354,15.57434,3.007833
15.595545,0.8033360000000001,15.595545,3.022551
15.61675,0.794815,15.61675,3.037611
15.637955,0.785758,15.637955,3.052999
15.659159,0.77613,15.659159,3.068696
15.680364,0.765898,15.680364,3.08468
15.701569,0.75503,15.701569,3.100922
15.722774,0.743495,15.722774,3.117399
15.743979,0.731264,15.743979,3.134077
15.765184,0.718309,15.765184,3.150922
15.786388,0.704605,15.786388,3.167901
15.807593,0.690128,15.807593,3.184975
15.828798,0.674858,15.828798,3.202103
15.850003,0.658776,15.850003,3.219245
15.871208,0.641864,15.871208,3.236358
15.892413,0.624111,15.892413,3.253394
15.913617,0.605506,15.913617,3.270307
15.934822,0.586041,15.934822,3.28705
15.956027,0.565713,15.956027,3.303576
15.977232,0.544521,15.977232,3.319834
15.998437,0.522466,15.998437,3.335778
16.019641,0.499553,16.019641,3.351355
16.040846,0.475791,16.040846,3.366518
16.062051,0.451191,16.062051,3.381216
16.083256,0.42577,16.083256,3.395403
16.104461,0.399543,16.104461,3.409033
16.125666,0.372531,16.125666,3.422058
16.14687,0.344759,16.14687,3.434433
16.168075,0.316253,16.168075,3.446116
16.18928,0.287041,16.18928,3.457066
16.210485,0.257154,16.210485,3.467242
16.23169,0.226628,16.23169,3.476607
16.252894,0.195498,16.252894,3.485127
16.274099,0.163802,16.274099,3.492769
16.295304,0.131578,16.295304,3.499506
16.316509,0.098867,16.316509,3.505306
16.337714,0.06571100000000001,16.337714,3.510147
16.358919,0.032154,16.358919,3.514005
16.380123,-0.00176,16.380123,3.516859
16.401328,-0.035985,16.401328,3.518696
16.422533,-0.070475,16.422533,3.519499
16.443738,-0.105186,16.443738,3.519258
16.464943,-0.140069,16.464943,3.517964
16.486148,-0.175081,16.486148,3.515613
16.507352,-0.210174,16.507352,3.5122
16.528557,-0.245305,16.528557,3.507724
16.549762,-0.280426,16.549762,3.502185
16.570967,-0.315494,16.570967,3.49559
16.592172,-0.350464,16.592172,3.487942
16.613376,-0.385294,16.613376,3.479251
16.634581,-0.419942,16.634581,3.469528
16.655786,-0.454366,16.655786,3.458784
16.676991,-0.488527,16.676991,3.447032
16.698196,-0.522385,16.698196,3.434289
16.719401,-0.555904,16.719401,3.42057
16.740605,-0.589045,16.740605,3.405895
16.76181,-0.621775,16.76181,3.390286
16.783015,-0.6540589999999999,16.783015,3.373762
16.80422,-0.6858649999999999,16.80422,3.356344
16.825425,-0.71716,16.825425,3.338057
16.84663,-0.747915,16.84663,3.318925
16.867834,-0.7781,16.867834,3.298974
16.889039,-0.807688,16.889039,3.27823
16.910244,-0.836652,16.910244,3.25672
16.931449,-0.864967,16.931449,3.234474
16.952654,-0.892609,16.952654,3.211517
16.973858,-0.919556,16.973858,3.187881
16.995063,-0.945785,16.995063,3.163594
17.016268,-0.971276,17.016268,3.138691
17.037473,-0.996011,17.037473,3.113199
17.058678,-1.019972,17.058678,3.087152
17.079883,-1.043142,17.079883,3.060581
17.101087,-1.065506,17.101087,3.03352
17.122292,-1.087049,17.122292,3.006003
17.143497,-1.107759,17.143497,2.978062
17.164702,-1.127624,17.164702,2.949736
17.185907,-1.146636,17.185907,2.921057
17.207112,-1.164785,17.207112,2.89206
17.228316,-1.182063,17.228316,2.862781
17.249521,-1.198466,17.249521,2.83326
17.270726,-1.21399,17.270726,2.803532
17.291931,-1.228634,17.291931,2.77363
17.313136,-1.242395,17.313136,2.743593
17.33434,-1.255274,17.33434,2.713459
17.355545,-1.267274,17.355545,2.683263
17.37675,-1.2784,17.37675,2.653044
17.397955,-1.288657,17.397955,2.622837
17.41916,-1.298054,17.41916,2.59268
17.440365,-1.3066,17.440365,2.562607
17.461569,-1.314307,17.461569,2.532654
17.482774,-1.321186,17.482774,2.502855
17.503979,-1.327254,17.503979,2.473247
17.525184,-1.332526,17.525184,2.443859
17.546389,-1.337022,17.546389,2.414727
17.567594,-1.340761,17.567594,2.38588
17.588798,-1.343763,17.588798,2.357347
17.610003,-1.346053,17.610003,2.329159
17.631208,-1.347654,17.631208,2.301343
17.652413,-1.348594,17.652413,2.273923
17.673618,-1.348897,17.673618,2.246924
17.694822,-1.348594,17.694822,2.220367
17.716027,-1.347712,17.716027,2.194273
17.737232,-1.346282,17.737232,2.168662
17.758437,-1.344334,17.758437,2.143548
17.779642,-1.341899,17.779642,2.118947
17.800847,-1.339011,17.800847,2.094872
17.822051,-1.3357,17.822051,2.071332
17.843256,-1.332,17.843256,2.048337
17.864461,-1.327942,17.864461,2.025893
17.885666,-1.323561,17.885666,2.004004
17.906871,-1.318887,17.906871,1.982673
17.928076,-1.313953,17.928076,1.961899
17.94928,-1.30879,17.94928,1.941681
17.970485,-1.303429,17.970485,1.922017
17.99169,-1.297899,17.99169,1.902899
18.012895,-1.292231,18.012895,1.884322
18.0341,-1.286452,18.0341,1.866277
18.055304,-1.280591,18.055304,1.848754
18.076509,-1.274672,18.076509,1.83174
18.097714,-1.268722,18.097714,1.815222
18.118919,-1.262763,18.118919,1.799184
18.140124,-1.256817,18.140124,1.783615
18.161329,-1.250906,18.161329,1.768495
18.182533,-1.245049,18.182533,1.753808
18.203738,-1.239264,18.203738,1.739535
18.224943,-1.233568,18.224943,1.725657
18.246148,-1.227973,18.246148,1.712153
18.267353,-1.222495,18.267353,1.699006
18.288558,-1.217144,18.288558,1.686195
18.309762,-1.211931,18.309762,1.6737
18.330967,-1.206864,18.330967,1.661499
18.352172,-1.20195,18.352172,1.649574
18.373377,-1.197196,18.373377,1.637905
18.394582,-1.192607,18.394582,1.62647
18.415786,-1.188184,18.415786,1.61525
18.436991,-1.18393,18.436991,1.604228
18.458196,-1.179845,18.458196,1.593383
18.479401,-1.175929,18.479401,1.582697
18.500606,-1.17218,18.500606,1.572155
18.521811,-1.168596,18.521811,1.56174
18.543015,-1.165174,18.543015,1.551432
18.56422,-1.161907,18.56422,1.54122
18.585425,-1.158791,18.585425,1.531088
18.60663,-1.15582,18.60663,1.521023
18.627835,-1.152988,18.627835,1.511014
18.64904,-1.150287,18.64904,1.501049
18.670244,-1.147711,18.670244,1.491117
18.691449,-1.145253,18.691449,1.481209
18.712654,-1.142902,18.712654,1.471313
18.733859,-1.140652,18.733859,1.461425
18.755064,-1.138494,18.755064,1.451536
18.776268,-1.136418,18.776268,1.441639
18.797473,-1.134416,18.797473,1.431732
18.818678,-1.132481,18.818678,1.421807
18.839883,-1.130603,18.839883,1.411863
18.861088,-1.128773,18.861088,1.401895
18.882293,-1.126984,18.882293,1.391903
18.903497,-1.125227,18.903497,1.381884
18.924702,-1.123496,18.924702,1.371839
18.945907,-1.121783,18.945907,1.361766
18.967112,-1.120082,18.967112,1.351666
18.988317,-1.118384,18.988317,1.34154
19.009521,-1.116686,19.009521,1.33139
19.030726,-1.114981,19.030726,1.321217
19.051931,-1.113264,19.051931,1.311022
19.073136,-1.111531,19.073136,1.300808
19.094341,-1.109776,19.094341,1.290577
19.115546,-1.107997,19.115546,1.280332
19.13675,-1.106189,19.13675,1.270076
19.157955,-1.104351,19.157955,1.259811
19.17916,-1.102479,19.17916,1.249541
19.200365,-1.100572,19.200365,1.23927
19.22157,-1.098628,19.22157,1.228997
19.242775,-1.096647,19.242775,1.218727
19.263979,-1.094627,19.263979,1.208464
19.285184,-1.092568,19.285184,1.198207
19.306389,-1.09047,19.306389,1.18796
19.327594,-1.088332,19.327594,1.177724
19.348799,-1.086155,19.348799,1.167501
19.370003,-1.08394,19.370003,1.157292
19.391208,-1.081686,19.391208,1.147098
19.412413,-1.079394,19.412413,1.136921
19.433618,-1.077065,19.433618,1.12676
19.454823,-1.0747,19.454823,1.116617
19.476028,-1.0723,19.476028,1.106491
19.497232,-1.069865,19.497232,1.096382
19.518437,-1.067396,19.518437,1.086288
19.539642,-1.064893,19.539642,1.076211
19.560847,-1.062357,19.560847,1.066149
19.582052,-1.059788,19.582052,1.056098
19.603257,-1.057185,19.603257,1.046059
19.624461,-1.054549,19.624461,1.036031
19.645666,-1.051879,19.645666,1.026011
19.666871,-1.049173,19.666871,1.015999
19.688076,-1.046432,19.688076,1.005993
19.709281,-1.043653,19.709281,0.995991
19.730485,-1.040836,19.730485,0.985991
19.75169,-1.037979,19.75169,0.975992
19.772895,-1.03508,19.772895,0.965993
19.7941,-1.032136,19.7941,0.955991
19.815305,-1.029144,19.815305,0.945985
19.83651,-1.026102,19.83651,0.935976
19.857714,-1.023007,19.857714,0.925962
19.878919,-1.019856,19.878919,0.915944
19.900124,-1.016646,19.900124,0.9059199999999999
19.921329,-1.013373,19.921329,0.895891
19.942534,-1.010034,19.942534,0.885858
19.963739,-1.006625,19.963739,0.875822
19.984943,-1.003144,19.984943,0.865783
20.006148,-0.999586,20.006148,0.855743
20.027353,-0.995947,20.027353,0.845703
20.048558,-0.9922260000000001,20.048558,0.835667
20.069763,-0.988417,20.069763,0.825637
20.090967,-0.984519,20.090967,0.815615
20.112172,-0.980528,20.112172,0.805605
20.133377,-0.976441,20.133377,0.795611
20.154582,-0.972257,20.154582,0.785636
20.175787,-0.967973,20.175787,0.775683
20.196992,-0.9635860000000001,20.196992,0.765757
20.218196,-0.9590959999999999,20.218196,0.755864
20.239401,-0.954501,20.239401,0.746007
20.260606,-0.9497989999999999,20.260606,0.736191
20.281811,-0.9449920000000001,20.281811,0.726422
20.303016,-0.9400770000000001,20.303016,0.716702
20.324221,-0.935055,20.324221,0.707039
20.345425,-0.9299269999999999,20.345425,0.697438
20.36663,-0.924694,20.36663,0.687903
20.387835,-0.919357,20.387835,0.678439
20.40904,-0.913917,20.40904,0.669051
20.430245,-0.908376,20.430245,0.659743
20.451449,-0.902737,20.451449,0.650522
20.472654,-0.897002,20.472654,0.64139
20.493859,-0.891174,20.493859,0.632352
20.515064,-0.885256,20.515064,0.623412
20.536269,-0.879252,20.536269,0.614574
20.557474,-0.873165,20.557474,0.605841
20.578678,-0.867,20.578678,0.597217
20.599883,-0.8607590000000001,20.599883,0.588703
20.621088,-0.854448,20.621088,0.580304
20.642293,-0.84807,20.642293,0.572021
20.663498,-0.841631,20.663498,0.563856
20.684703,-0.835134,20.684703,0.5558110000000001
20.705907,-0.828584,20.705907,0.547887
20.727112,-0.821986,20.727112,0.540086
20.748317,-0.815345,20.748317,0.532407
20.769522,-0.808665,20.769522,0.524851
20.790727,-0.8019500000000001,20.790727,0.517417
20.811931,-0.7952050000000001,20.811931,0.510107
20.833136,-0.788434,20.833136,0.502918
20.854341,-0.78164,20.854341,0.495851
20.875546,-0.77483,20.875546,0.488904
20.896751,-0.768005,20.896751,0.482076
20.917956,-0.76117,20.917956,0.475365
20.93916,-0.754329,20.93916,0.468771
20.960365,-0.747484,20.960365,0.46229
20.98157,-0.74064,20.98157,0.455921
21.002775,-0.733798,21.002775,0.449662
21.02398,-0.726961,21.02398,0.44351
21.045185,-0.720133,21.045185,0.437463
21.066389,-0.713315,21.066389,0.431519
21.087594,-0.7065090000000001,21.087594,0.425675
21.108799,-0.699718,21.108799,0.419929
21.130004,-0.692944,21.130004,0.414279
21.151209,-0.686186,21.151209,0.40872
21.172413,-0.679447,21.172413,0.403252
21.193618,-0.672729,21.193618,0.397872
21.214823,-0.666031,21.214823,0.392576
21.236028,-0.659355,21.236028,0.387364
21.257233,-0.652702,21.257233,0.382233
21.278438,-0.646071,21.278438,0.37718
21.299642,-0.639463,21.299642,0.372203
21.320847,-0.6328780000000001,21.320847,0.367302
21.342052,-0.626318,21.342052,0.362472
21.363257,-0.619781,21.363257,0.357714
21.384462,-0.613268,21.384462,0.353025
21.405667,-0.606779,21.405667,0.348403
21.426871,-0.600313,21.426871,0.343847
21.448076,-0.593871,21.448076,0.339355
21.469281,-0.587452,21.469281,0.334927
21.490486,-0.581056,21.490486,0.330561
21.511691,-0.5746830000000001,21.511691,0.326257
21.532895,-0.568333,21.532895,0.322012
21.5541,-0.562005,21.5541,0.317826
21.575305,-0.5556990000000001,21.575305,0.313699
21.59651,-0.549416,21.59651,0.30963
21.617715,-0.5431550000000001,21.617715,0.305617
21.63892,-0.536915,21.63892,0.301662
21.660124,-0.530698,21.660124,0.297762
21.681329,-0.524504,21.681329,0.293917
21.702534,-0.518331,21.702534,0.290127
21.723739,-0.512181,21.723739,0.28639
21.744944,-0.5060519999999999,21.744944,0.282707
21.766149,-0.499947,21.766149,0.279077
21.787353,-0.493863,21.787353,0.2755
21.808558,-0.487803,21.808558,0.271976
21.829763,-0.481765,21.829763,0.268503
21.850968,-0.475752,21.850968,0.265081
21.872173,-0.469761,21.872173,0.261709
21.893377,-0.463795,21.893377,0.258388
21.914582,-0.457854,21.914582,0.255116
21.935787,-0.451937,21.935787,0.251893
21.956992,-0.446045,21.956992,0.248718
21.978197,-0.440179,21.978197,0.245591
21.999402,-0.434339,21.999402,0.242511
22.020606,-0.428525,22.020606,0.239476
22.041811,-0.422738,22.041811,0.236487
22.063016,-0.416978,22.063016,0.233542
22.084221,-0.411246,22.084221,0.230641
22.105426,-0.405541,22.105426,0.227783
22.12663,-0.399864,22.12663,0.224966
22.147835,-0.394215,22.147835,0.222189
22.16904,-0.388595,22.16904,0.219452
22.190245,-0.383003,22.190245,0.216754
22.21145,-0.377439,22.21145,0.214094
22.232655,-0.371904,22.232655,0.21147
22.253859,-0.366397,22.253859,0.208882
22.275064,-0.36092,22.275064,0.206329
22.296269,-0.35547,22.296269,0.203809
22.317474,-0.350049,22.317474,0.201321
22.338679,-0.344656,22.338679,0.198864
22.359884,-0.33929,22.359884,0.196438
22.381088,-0.333952,22.381088,0.194041
22.402293,-0.328641,22.402293,0.191673
22.423498,-0.323356,22.423498,0.189331
22.444703,-0.318097,22.444703,0.187017
22.465908,-0.312864,22.465908,0.184727
22.487112,-0.307655,22.487112,0.182463
22.508317,-0.302471,22.508317,0.180223
22.529522,-0.29731,22.529522,0.178006
22.550727,-0.292172,22.550727,0.175811
22.571932,-0.287056,22.571932,0.173639
22.593137,-0.281962,22.593137,0.171487
22.614341,-0.276887,22.614341,0.169357
22.635546,-0.271832,22.635546,0.167248
22.656751,-0.266796,22.656751,0.165158
22.677956,-0.261778,22.677956,0.163089
22.699161,-0.256777,22.699161,0.16104
22.720366,-0.251792,22.720366,0.15901
22.74157,-0.246822,22.74157,0.157001
22.762775,-0.241867,22.762775,0.155011
22.78398,-0.236926,22.78398,0.153041
22.805185,-0.231999,22.805185,0.151091
22.82639,-0.227083,22.82639,0.149162
22.847594,-0.22218,22.847594,0.147253
22.868799,-0.217287,22.868799,0.145366
22.890004,-0.212405,22.890004,0.1435
22.911209,-0.207534,22.911209,0.141656
22.932414,-0.202672,22.932414,0.139835
22.953619,-0.197819,22.953619,0.138037
22.974823,-0.192976,22.974823,0.136263
22.996028,-0.188141,22.996028,0.134513
23.017233,-0.183315,23.017233,0.132788
23.038438,-0.178498,23.038438,0.13109
23.059643,-0.173689,23.059643,0.129417
23.080848,-0.16889,23.080848,0.127772
23.102052,-0.164099,23.102052,0.126155
23.123257,-0.159318,23.123257,0.124566
23.144462,-0.154546,23.144462,0.123006
23.165667,-0.149785,23.165667,0.121476
23.186872,-0.145034,23.186872,0.119976
23.208076,-0.140294,23.208076,0.118507
23.229281,-0.135567,23.229281,0.117069
23.250486,-0.130851,23.250486,0.115662
23.271691,-0.126149,23.271691,0.114287
23.292896,-0.121461,23.292896,0.112944
23.314101,-0.116787,23.314101,0.111633
23.335305,-0.11213,23.335305,0.110354
23.35651,-0.107488,23.35651,0.109107
23.377715,-0.102865,23.377715,0.107892
23.39892,-0.098259,23.39892,0.10671
23.420125,-0.09367200000000001,23.420125,0.105558
23.44133,-0.089106,23.44133,0.104439
23.462534,-0.08456,23.462534,0.103349
23.483739,-0.080037,23.483739,0.102291
23.504944,-0.075535,23.504944,0.101261
23.526149,-0.071057,23.526149,0.100261
23.547354,-0.066603,23.547354,0.099289
23.568558,-0.062173,23.568558,0.098345
23.589763,-0.057769,23.589763,0.097426
23.610968,-0.05339,23.610968,0.09653399999999999
23.632173,-0.049038,23.632173,0.095666
23.653378,-0.044712,23.653378,0.094822
23.674583,-0.040413,23.674583,0.094
23.695787,-0.036141,23.695787,0.09320000000000001
23.716992,-0.031896,23.716992,0.09242
23.738197,-0.027679,23.738197,0.09166000000000001
23.759402,-0.023489,23.759402,0.090917
23.780607,-0.019326,23.780607,0.09019099999999999
23.801812,-0.01519,23.801812,0.08948200000000001
23.823016,-0.011081,23.823016,0.088787
23.844221,-0.006998,23.844221,0.088106
23.865426,-0.00294,23.865426,0.087438
23.886631,0.001091,23.886631,0.086781
23.907836,0.005098,23.907836,0.086136
23.92904,0.009081000000000001,23.92904,0.08550099999999999
23.950245,0.01304,23.950245,0.08487500000000001
23.97145,0.016977,23.97145,0.084258
23.992655,0.020891,23.992655,0.083649
24.01386,0.024785,24.01386,0.083048
24.035065,0.028658,24.035065,0.082453
24.056269,0.032511,24.056269,0.08186599999999999
24.077474,0.036346,24.077474,0.081284
24.098679,0.040163,24.098679,0.080709
24.119884,0.043963,24.119884,0.08014
24.141089,0.047747,24.141089,0.079578
24.162294,0.051515,24.162294,0.07902099999999999
24.183498,0.055269,24.183498,0.07847
24.204703,0.059009,24.204703,0.07792499999999999
24.225908,0.062736,24.225908,0.077387
24.247113,0.066451,24.247113,0.07685599999999999
24.268318,0.07015399999999999,24.268318,0.076332
24.289522,0.07384499999999999,24.289522,0.07581599999999999
24.310727,0.077526,24.310727,0.075308
24.331932,0.081196,24.331932,0.074808
24.353137,0.084856,24.353137,0.074318
24.374342,0.088506,24.374342,0.073837
24.395547,0.09214600000000001,24.395547,0.073366
24.416751,0.095777,24.416751,0.072907
24.437956,0.099398,24.437956,0.07245799999999999
24.459161,0.10301,24.459161,0.072022
24.480366,0.106611,24.480366,0.07159799999999999
24.501571,0.110203,24.501571,0.071186
24.522776,0.113784,24.522776,0.070788
24.54398,0.117355,24.54398,0.07040399999999999
24.565185,0.120914,24.565185,0.070034
24.58639,0.124462,24.58639,0.069678
24.607595,0.127997,24.607595,0.069337
24.6288,0.13152,24.6288,0.069011
24.650004,0.13503,24.650004,0.068699
24.671209,0.138525,24.671209,0.06840300000000001
24.692414,0.142006,24.692414,0.06812
24.713619,0.145472,24.713619,0.067853
24.734824,0.148921,24.734824,0.06759900000000001
24.756029,0.152353,24.756029,0.06736
24.777233,0.155768,24.777233,0.067133
24.798438,0.159165,24.798438,0.06691999999999999
24.819643,0.162544,24.819643,0.066718
24.840848,0.165902,24.840848,0.066527
24.862053,0.169241,24.862053,0.066346
24.883257,0.17256,24.883257,0.066175
24.904462,0.175858,24.904462,0.066012
24.925667,0.179135,24.925667,0.065856
24.946872,0.182391,24.946872,0.065706
24.968077,0.185625,24.968077,0.06556099999999999
24.989282,0.188839,24.989282,0.065419
25.010486,0.19203,25.010486,0.065278
25.031691,0.195201,25.031691,0.065139
25.052896,0.198351,25.052896,0.064998
25.074101,0.20148,25.074101,0.06485399999999999
25.095306,0.20459,25.095306,0.064707
25.116511,0.207681,25.116511,0.064555
25.137715,0.210753,25.137715,0.06439499999999999
25.15892,0.213808,25.15892,0.06422700000000001
25.180125,0.216847,25.180125,0.06405
25.20133,0.219871,25.20133,0.063861
25.222535,0.222881,25.222535,0.063661
25.243739,0.225879,25.243739,0.063446
25.264944,0.228867,25.264944,0.063218
25.286149,0.231845,25.286149,0.062973
25.307354,0.234816,25.307354,0.062712
25.328559,0.237782,25.328559,0.062434
25.349764,0.240745,25.349764,0.062137
25.370968,0.243706,25.370968,0.061822
25.392173,0.246668,25.392173,0.061488
25.413378,0.249633,25.413378,0.061134
25.434583,0.252603,25.434583,0.06076
25.455788,0.255581,25.455788,0.060367
25.476993,0.258569,25.476993,0.059955
25.498197,0.261568,25.498197,0.059523
25.519402,0.264582,25.519402,0.059072
25.540607,0.267613,25.540607,0.058604
25.561812,0.270663,25.561812,0.058118
25.583017,0.273735,25.583017,0.057615
25.604221,0.276829,25.604221,0.057097
25.625426,0.27995,25.625426,0.056564
25.646631,0.283099,25.646631,0.056018
25.667836,0.286278,25.667836,0.05546
25.689041,0.28949,25.689041,0.054892
25.710246,0.292736,25.710246,0.054316
25.73145,0.296018,25.73145,0.053733
25.752655,0.299338,25.752655,0.053146
25.77386,0.302698,25.77386,0.052555
25.795065,0.3061,25.795065,0.051965
25.81627,0.309546,25.81627,0.051376
25.837475,0.313036,25.837475,0.050791
25.858679,0.316573,25.858679,0.050212
25.879884,0.320157,25.879884,0.049643
25.901089,0.32379,25.901089,0.049086
25.922294,0.327473,25.922294,0.048542
25.943499,0.331208,25.943499,0.048016
25.964703,0.334994,25.964703,0.04751
25.985908,0.338834,25.985908,0.047026
26.007113,0.342727,26.007113,0.046569
26.028318,0.346675,26.028318,0.046141
26.049523,0.350678,26.049523,0.045745
26.070728,0.354736,26.070728,0.045384
26.091932,0.35885,26.091932,0.045062
26.113137,0.363019,26.113137,0.044781
26.134342,0.367245,26.134342,0.044546
26.155547,0.371526,26.155547,0.04436
26.176752,0.375863,26.176752,0.044227
26.197957,0.380255,26.197957,0.044149
26.219161,0.384703,26.219161,0.044131
26.240366,0.389204,26.240366,0.044177
26.261571,0.393759,26.261571,0.04429
26.282776,0.398366,26.282776,0.044474
26.303981,0.403025,26.303981,0.044733
26.325185,0.407733,26.325185,0.045071
26.34639,0.41249,26.34639,0.045493
26.367595,0.417294,26.367595,0.046001
26.3888,0.422142,26.3888,0.0466
26.410005,0.427032,26.410005,0.047295
26.43121,0.431963,26.43121,0.048089
26.452414,0.436931,26.452414,0.048987
26.473619,0.441934,26.473619,0.049992
26.494824,0.446968,26.494824,0.051108
26.516029,0.452029,26.516029,0.05234
26.537234,0.457115,26.537234,0.053691
26.558439,0.462221,26.558439,0.055166
26.579643,0.467342,26.579643,0.056768
26.600848,0.472474,26.600848,0.0585
26.622053,0.477613,26.622053,0.060366
26.643258,0.482753,26.643258,0.062369
26.664463,0.487888,26.664463,0.064512
26.685667,0.493013,26.685667,0.066798
26.706872,0.498122,26.706872,0.06923
26.728077,0.503207,26.728077,0.07181
26.749282,0.508264,26.749282,0.07454
26.770487,0.513285,26.770487,0.077421
26.791692,0.518263,26.791692,0.080454
26.812896,0.523191,26.812896,0.08364099999999999
26.834101,0.528061,26.834101,0.086982
26.855306,0.532865,26.855306,0.090477
26.876511,0.537597,26.876511,0.094126
26.897716,0.542248,26.897716,0.097928
26.918921,0.54681,26.918921,0.101881
26.940125,0.551276,26.940125,0.105983
26.96133,0.555636,26.96133,0.110233
26.982535,0.559884,26.982535,0.114626
27.00374,0.564012,27.00374,0.11916
27.024945,0.568011,27.024945,0.12383
27.046149,0.571875,27.046149,0.128633
27.067354,0.5755940000000001,27.067354,0.133562
27.088559,0.579164,27.088559,0.138613
27.109764,0.582575,27.109764,0.143778
27.130969,0.585822,27.130969,0.149051
27.152174,0.588899,27.152174,0.154425
27.173378,0.591799,27.173378,0.159892
27.194583,0.594518,27.194583,0.165444
27.215788,0.5970490000000001,27.215788,0.171073
27.236993,0.5993889999999999,27.236993,0.176768
27.258198,0.601534,27.258198,0.182521
27.279403,0.60348,27.279403,0.188322
27.300607,0.605225,27.300607,0.194161
27.321812,0.606766,27.321812,0.200027
27.343017,0.608102,27.343017,0.20591
27.364222,0.609233,27.364222,0.211799
27.385427,0.610158,27.385427,0.217684
27.406631,0.610878,27.406631,0.223553
27.427836,0.6113960000000001,27.427836,0.229396
27.449041,0.611711,27.449041,0.235203
27.470246,0.611828,27.470246,0.240962
27.491451,0.611751,27.491451,0.246663
27.512656,0.611483,27.512656,0.252296
27.53386,0.61103,27.53386,0.257851
27.555065,0.610398,27.555065,0.263319
27.57627,0.609592,27.57627,0.26869
27.597475,0.60862,27.597475,0.273956
27.61868,0.60749,27.61868,0.279109
27.639885,0.60621,27.639885,0.284141
27.661089,0.604788,27.661089,0.289046
27.682294,0.603234,27.682294,0.293817
27.703499,0.601557,27.703499,0.298449
27.724704,0.599768,27.724704,0.302938
27.745909,0.597876,27.745909,0.307279
27.767113,0.595892,27.767113,0.311469
27.788318,0.593827,27.788318,0.315505
27.809523,0.591692,27.809523,0.319388
27.830728,0.589498,27.830728,0.323116
27.851933,0.587255,27.851933,0.326689
27.873138,0.584975,27.873138,0.330109
27.894342,0.582668,27.894342,0.333377
27.915547,0.580345,27.915547,0.336498
27.936752,0.578016,27.936752,0.339474
27.957957,0.57569,27.957957,0.34231
27.979162,0.5733780000000001,27.979162,0.345012
28.000366,0.571088,28.000366,0.347587
28.021571,0.568829,28.021571,0.35004
28.042776,0.566609,28.042776,0.35238
28.063981,0.564434,28.063981,0.354615
28.085186,0.562312,28.085186,0.356754
28.106391,0.5602470000000001,28.106391,0.358807
28.127595,0.558246,28.127595,0.360783
28.1488,0.5563129999999999,28.1488,0.362694
28.170005,0.554449,28.170005,0.364549
28.19121,0.552659,28.19121,0.36636
28.212415,0.550943,28.212415,0.368139
28.23362,0.549302,28.23362,0.369896
28.254824,0.547736,28.254824,0.371644
28.276029,0.546242,28.276029,0.373394
28.297234,0.5448190000000001,28.297234,0.375158
28.318439,0.543463,28.318439,0.376946
28.339644,0.542169,28.339644,0.378771
28.360848,0.540933,28.360848,0.380642
28.382053,0.539748,28.382053,0.382571
28.403258,0.538606,28.403258,0.384566
28.424463,0.5374989999999999,28.424463,0.386639
28.445668,0.53642,28.445668,0.388797
28.466873,0.5353560000000001,28.466873,0.391049
28.488077,0.534299,28.488077,0.393402
28.509282,0.533235,28.509282,0.395863
28.530487,0.532155,28.530487,0.398436
28.551692,0.531043,28.551692,0.401128
28.572897,0.529888,28.572897,0.403941
28.594102,0.528676,28.594102,0.406877
28.615306,0.527392,28.615306,0.409939
28.636511,0.526022,28.636511,0.413127
28.657716,0.524551,28.657716,0.416439
28.678921,0.522964,28.678921,0.419874
28.700126,0.521247,28.700126,0.423428
28.72133,0.519384,28.72133,0.427095
28.742535,0.517361,28.742535,0.430871
28.76374,0.515163,28.76374,0.434747
28.784945,0.512776,28.784945,0.438714
28.80615,0.510186,28.80615,0.442764
28.827355,0.5073800000000001,28.827355,0.446884
28.848559,0.504346,28.848559,0.451062
28.869764,0.501071,28.869764,0.455283
28.890969,0.497544,28.890969,0.459534
28.912174,0.493757,28.912174,0.463798
28.933379,0.489698,28.933379,0.468057
28.954584,0.485362,28.954584,0.472294
28.975788,0.480741,28.975788,0.47649
28.996993,0.475829,28.996993,0.480625
29.018198,0.470624,29.018198,0.484677
29.039403,0.465122,29.039403,0.488627
29.060608,0.459323,29.060608,0.492452
29.081812,0.453228,29.081812,0.49613
29.103017,0.446838,29.103017,0.499639
29.124222,0.440158,29.124222,0.502956
29.145427,0.433193,29.145427,0.506059
29.166632,0.42595,29.166632,0.508926
29.187837,0.418439,29.187837,0.511535
29.209041,0.410671,29.209041,0.513863
29.230246,0.402657,29.230246,0.51589
29.251451,0.394411,29.251451,0.5175959999999999
29.272656,0.38595,29.272656,0.51896
29.293861,0.377291,29.293861,0.519966
29.315066,0.368452,29.315066,0.520594
29.33627,0.359452,29.33627,0.520829
29.357475,0.350315,29.357475,0.520657
29.37868,0.341061,29.37868,0.5200630000000001
29.399885,0.331715,29.399885,0.5190360000000001
29.42109,0.322301,29.42109,0.517566
29.442294,0.312844,29.442294,0.515645
29.463499,0.303371,29.463499,0.513267
29.484704,0.293909,29.484704,0.510426
29.505909,0.284484,29.505909,0.50712
29.527114,0.275125,29.527114,0.503348
29.548319,0.265857,29.548319,0.499113
29.569523,0.25671,29.569523,0.494417
29.590728,0.24771,29.590728,0.489266
29.611933,0.238883,29.611933,0.483667
29.633138,0.230257,29.633138,0.477629
29.654343,0.221857,29.654343,0.471165
29.675548,0.213708,29.675548,0.464287
29.696752,0.205834,29.696752,0.45701
29.717957,0.198258,29.717957,0.449351
29.739162,0.191,29.739162,0.441328
29.760367,0.184083,29.760367,0.432962
29.781572,0.177523,29.781572,0.424272
29.802776,0.17134,29.802776,0.415281
29.823981,0.165547,29.823981,0.406013
29.845186,0.16016,29.845186,0.396493
29.866391,0.15519,29.866391,0.386746
29.887596,0.150648,29.887596,0.376797
29.908801,0.146542,29.908801,0.366673
29.930005,0.142879,29.930005,0.3564
29.95121,0.139664,29.95121,0.346007
29.972415,0.1369,29.972415,0.33552
29.99362,0.134587,29.99362,0.324966
30.014825,0.132726,30.014825,0.314371
30.03603,0.131313,30.03603,0.303763
30.057234,0.130344,30.057234,0.293167
30.078439,0.129814,30.078439,0.282608
30.099644,0.129714,30.099644,0.27211
30.120849,0.130037,30.120849,0.261698
30.142054,0.130771,30.142054,0.251393
30.163258,0.131904,30.163258,0.241217
30.184463,0.133425,30.184463,0.231191
30.205668,0.135319,30.205668,0.221333
30.226873,0.137571,30.226873,0.211661
30.248078,0.140165,30.248078,0.202191
30.269283,0.143084,30.269283,0.192939
30.290487,0.146312,30.290487,0.183918
30.311692,0.149831,30.311692,0.17514
30.332897,0.153622,30.332897,0.166616
30.354102,0.157667,30.354102,0.158355
30.375307,0.161948,30.375307,0.150365
30.396512,0.166446,30.396512,0.142652
30.417716,0.171142,30.417716,0.135222
30.438921,0.176018,30.438921,0.128078
30.460126,0.181056,30.460126,0.121222
30.481331,0.186238,30.481331,0.114657
30.502536,0.191546,30.502536,0.108381
30.52374,0.196963,30.52374,0.102394
30.544945,0.202473,30.544945,0.096694
30.56615,0.20806,30.56615,0.091277
30.587355,0.213709,30.587355,0.08613999999999999
30.60856,0.219405,30.60856,0.081278
30.629765,0.225133,30.629765,0.076685
30.650969,0.230882,30.650969,0.072356
30.672174,0.236638,30.672174,0.068284
30.693379,0.24239,30.693379,0.06446
30.714584,0.248127,30.714584,0.060878
30.735789,0.253839,30.735789,0.05753
30.756993,0.259517,30.756993,0.054407
30.778198,0.265153,30.778198,0.0515
30.799403,0.270738,30.799403,0.048801
30.820608,0.276265,30.820608,0.0463
30.841813,0.281729,30.841813,0.04399
30.863018,0.287124,30.863018,0.04186
30.884222,0.292445,30.884222,0.039903
30.905427,0.297688,30.905427,0.038108
30.926632,0.302849,30.926632,0.036468
30.947837,0.307925,30.947837,0.034973
30.969042,0.312914,30.969042,0.033617
30.990247,0.317814,30.990247,0.032389
31.011451,0.322623,31.011451,0.031283
31.032656,0.327339,31.032656,0.03029
31.053861,0.331964,31.053861,0.029404
31.075066,0.336495,31.075066,0.028617
31.096271,0.340934,31.096271,0.027922
31.117475,0.345281,31.117475,0.027314
31.13868,0.349536,31.13868,0.026784
31.159885,0.3537,31.159885,0.026329
31.18109,0.357774,31.18109,0.025942
31.202295,0.36176,31.202295,0.025618
31.2235,0.36566,31.2235,0.025351
31.244704,0.369473,31.244704,0.025137
31.265909,0.373204,31.265909,0.024973
31.287114,0.376852,31.287114,0.024852
31.308319,0.380421,31.308319,0.024773
31.329524,0.383912,31.329524,0.02473
31.350729,0.387327,31.350729,0.024721
31.371933,0.390668,31.371933,0.024742
31.393138,0.393937,31.393138,0.024791
31.414343,0.397136,31.414343,0.024865
31.435548,0.400268,31.435548,0.02496
31.456753,0.403335,31.456753,0.025075
31.477957,0.406337,31.477957,0.025209
31.499162,0.409279,31.499162,0.025358
31.520367,0.41216,31.520367,0.02552
31.541572,0.414984,31.541572,0.025695
31.562777,0.417751,31.562777,0.02588
31.583982,0.420466,31.583982,0.026075
31.605186,0.423128,31.605186,0.026277
31.626391,0.425739,31.626391,0.026485
31.647596,0.428302,31.647596,0.026699
31.668801,0.430819,31.668801,0.026918
31.690006,0.433289,31.690006,0.027139
31.711211,0.435716,31.711211,0.027363
31.732415,0.438101,31.732415,0.027589
31.75362,0.440445,31.75362,0.027816
31.774825,0.44275,31.774825,0.028043
31.79603,0.445017,31.79603,0.02827
31.817235,0.447247,31.817235,0.028496
31.838439,0.449442,31.838439,0.02872
31.859644,0.451604,31.859644,0.028943
31.880849,0.453732,31.880849,0.029164
31.902054,0.455828,31.902054,0.029382
31.923259,0.457894,31.923259,0.029597
31.944464,0.459931,31.944464,0.029807
31.965668,0.46194,31.965668,0.030014
31.986873,0.463921,31.986873,0.030217
32.008078,0.465877,32.008078,0.030416
32.029283,0.467807,32.029283,0.03061
32.050488,0.469713,32.050488,0.0308
32.071693,0.471596,32.071693,0.030984
32.092897,0.473457,32.092897,0.031163
32.114102,0.475296,32.114102,0.031336
32.135307,0.477115,32.135307,0.031504
32.156512,0.478914,32.156512,0.031666
32.177717,0.480695,32.177717,0.031822
32.198921,0.482458,32.198921,0.031972
32.220126,0.484204,32.220126,0.032116
32.241331,0.485934,32.241331,0.032253
32.262536,0.487649,32.262536,0.032384
32.283741,0.48935,32.283741,0.032509
32.304946,0.491037,32.304946,0.032627
32.32615,0.492712,32.32615,0.032739
32.347355,0.494375,32.347355,0.032845
32.36856,0.496027,32.36856,0.032944
32.389765,0.497669,32.389765,0.033037
32.41097,0.499301,32.41097,0.033123
32.432175,0.500926,32.432175,0.033204
32.453379,0.502543,32.453379,0.033279
32.474584,0.504153,32.474584,0.033348
32.495789,0.505757,32.495789,0.033412
32.516994,0.507356,32.516994,0.03347
32.538199,0.508951,32.538199,0.033524
32.559403,0.510543,32.559403,0.033573
32.580608,0.512131,32.580608,0.033618
32.601813,0.513717,32.601813,0.03366
32.623018,0.515302,32.623018,0.033698
32.644223,0.516887,32.644223,0.033734
32.665428,0.518471,32.665428,0.033767
32.686632,0.520056,32.686632,0.033799
32.707837,0.521643,32.707837,0.03383
32.729042,0.523231,32.729042,0.033861
32.750247,0.524821,32.750247,0.033892
32.771452,0.526414,32.771452,0.033924
32.792657,0.528011,32.792657,0.033959
32.813861,0.5296110000000001,32.813861,0.033996
32.835066,0.531214,32.835066,0.034036
32.856271,0.532822,32.856271,0.034081
32.877476,0.534435,32.877476,0.034131
32.898681,0.536052,32.898681,0.034187
32.919885,0.537674,32.919885,0.03425
32.94109,0.5393,32.94109,0.03432
32.962295,0.5409310000000001,32.962295,0.0344
32.9835,0.542567,32.9835,0.034488
33.004705,0.544207,33.004705,0.034587
33.02591,0.545852,33.02591,0.034697
33.047114,0.547501,33.047114,0.03482
33.068319,0.549154,33.068319,0.034955
33.089524,0.55081,33.089524,0.035103
33.110729,0.552469,33.110729,0.035266
33.131934,0.554132,33.131934,0.035444
33.153139,0.555796,33.153139,0.035637
33.174343,0.557462,33.174343,0.035846
33.195548,0.55913,33.195548,0.036073
33.216753,0.560798,33.216753,0.036317
33.237958,0.562466,33.237958,0.036578
33.259163,0.564134,33.259163,0.036859
33.280367,0.5658,33.280367,0.037158
33.301572,0.567465,33.301572,0.037476
33.322777,0.569127,33.322777,0.037813
33.343982,0.570787,33.343982,0.038171
33.365187,0.572442,33.365187,0.038548
33.386392,0.574094,33.386392,0.038946
33.407596,0.57574,33.407596,0.039364
33.428801,0.577381,33.428801,0.039802
33.450006,0.5790149999999999,33.450006,0.040262
33.471211,0.580643,33.471211,0.040742
33.492416,0.582263,33.492416,0.041243
33.513621,0.583875,33.513621,0.041765
33.534825,0.5854780000000001,33.534825,0.042309
33.55603,0.587072,33.55603,0.042873
33.577235,0.588656,33.577235,0.043458
33.59844,0.59023,33.59844,0.044065
33.619645,0.591792,33.619645,0.044692
33.640849,0.593343,33.640849,0.045341
33.662054,0.594882,33.662054,0.046011
33.683259,0.596407,33.683259,0.046702
33.704464,0.59792,33.704464,0.047414
33.725669,0.599418,33.725669,0.048147
33.746874,0.600902,33.746874,0.048902
33.768078,0.602371,33.768078,0.049678
33.789283,0.603824,33.789283,0.050475
33.810488,0.605261,33.810488,0.051293
33.831693,0.60668,33.831693,0.052132
33.852898,0.608081,33.852898,0.052993
33.874102,0.609463,33.874102,0.053875
33.895307,0.610826,33.895307,0.054778
33.916512,0.612169,33.916512,0.055702
33.937717,0.61349,33.937717,0.056647
33.958922,0.614789,33.958922,0.057613
33.980127,0.616065,33.980127,0.058599
34.001331,0.617318,34.001331,0.059606
34.022536,0.618545,34.022536,0.060633
34.043741,0.619745,34.043741,0.06168
34.064946,0.620919,34.064946,0.062746
34.086151,0.622065,34.086151,0.063831
34.107356,0.623181,34.107356,0.06493500000000001
34.12856,0.624267,34.12856,0.066056
34.149765,0.625321,34.149765,0.067194
34.17097,0.626342,34.17097,0.06834800000000001
34.192175,0.6273300000000001,34.192175,0.069518
34.21338,0.628283,34.21338,0.070701
34.234584,0.629199,34.234584,0.071898
34.255789,0.6300789999999999,34.255789,0.07310700000000001
34.276994,0.630921,34.276994,0.074326
34.298199,0.631724,34.298199,0.075555
34.319404,0.632487,34.319404,0.076791
34.340609,0.6332100000000001,34.340609,0.07803400000000001
34.361813,0.633891,34.361813,0.079281
34.383018,0.63453,34.383018,0.08053100000000001
34.404223,0.635127,34.404223,0.08178199999999999
34.425428,0.6356810000000001,34.425428,0.083033
34.446633,0.636192,34.446633,0.08427999999999999
34.467838,0.636659,34.467838,0.085523
34.489042,0.637082,34.489042,0.086758
34.510247,0.637462,34.510247,0.08798499999999999
34.531452,0.637798,34.531452,0.0892
34.552657,0.638091,34.552657,0.090402
34.573862,0.638341,34.573862,0.091588
34.595066,0.638549,34.595066,0.09275700000000001
34.616271,0.638716,34.616271,0.093906
34.637476,0.638841,34.637476,0.09503300000000001
34.658681,0.638927,34.658681,0.096137
34.679886,0.638975,34.679886,0.09721399999999999
34.701091,0.638985,34.701091,0.098262
34.722295,0.6389590000000001,34.722295,0.09928099999999999
34.7435,0.638898,34.7435,0.100268
34.764705,0.638805,34.764705,0.101222
34.78591,0.6386810000000001,34.78591,0.10214
34.807115,0.638528,34.807115,0.103021
34.82832,0.638347,34.82832,0.103864
34.849524,0.638142,34.849524,0.104667
34.870729,0.637913,34.870729,0.105429
34.891934,0.637664,34.891934,0.106149
34.913139,0.637396,34.913139,0.106827
34.934344,0.637113,34.934344,0.107461
34.955548,0.636815,34.955548,0.10805
34.976753,0.636507,34.976753,0.108595
34.997958,0.63619,34.997958,0.109095
35.019163,0.635867,35.019163,0.109549
35.040368,0.635541,35.040368,0.109959
35.061573,0.635213,35.061573,0.110323
35.082777,0.634887,35.082777,0.110643
35.103982,0.634565,35.103982,0.110918
35.125187,0.63425,35.125187,0.11115
35.146392,0.633943,35.146392,0.111339
35.167597,0.633647,35.167597,0.111487
35.188802,0.633365,35.188802,0.111593
35.210006,0.633099,35.210006,0.11166
35.231211,0.63285,35.231211,0.111689
35.252416,0.632622,35.252416,0.111682
35.273621,0.6324149999999999,35.273621,0.11164
35.294826,0.632232,35.294826,0.111564
35.31603,0.6320750000000001,35.31603,0.111458
35.337235,0.631944,35.337235,0.111322
35.35844,0.631842,35.35844,0.111158
35.379645,0.6317700000000001,35.379645,0.11097
35.40085,0.631729,35.40085,0.110759
35.422055,0.6317199999999999,35.422055,0.110527
35.443259,0.631744,35.443259,0.110278
35.464464,0.631802,35.464464,0.110012
35.485669,0.631895,35.485669,0.109733
35.506874,0.632022,35.506874,0.109444
35.528079,0.632184,35.528079,0.109146
35.549284,0.632382,35.549284,0.108842
35.570488,0.632615,35.570488,0.108535
35.591693,0.632883,35.591693,0.108227
35.612898,0.633185,35.612898,0.107921
35.634103,0.633522,35.634103,0.107618
35.655308,0.633893,35.655308,0.107322
35.676512,0.634296,35.676512,0.107035
35.697717,0.634731,35.697717,0.106758
35.718922,0.635196,35.718922,0.106494
35.740127,0.635692,35.740127,0.106245
35.761332,0.636215,35.761332,0.106013
35.782537,0.6367660000000001,35.782537,0.105799
35.803741,0.637342,35.803741,0.105606
35.824946,0.637941,35.824946,0.105435
35.846151,0.638562,35.846151,0.105288
35.867356,0.639203,35.867356,0.105165
35.888561,0.639863,35.888561,0.105068
35.909766,0.6405380000000001,35.909766,0.104998
35.93097,0.641228,35.93097,0.104955
35.952175,0.641931,35.952175,0.104942
35.97338,0.642643,35.97338,0.104957
35.994585,0.643364,35.994585,0.105002
36.01579,0.644091,36.01579,0.105076
36.036994,0.644822,36.036994,0.10518
36.058199,0.645555,36.058199,0.105314
36.079404,0.646289,36.079404,0.105478
36.100609,0.64702,36.100609,0.10567
36.121814,0.647749,36.121814,0.105892
36.143019,0.648471,36.143019,0.106141
36.164223,0.649188,36.164223,0.106418
36.185428,0.649895,36.185428,0.106722
36.206633,0.6505919999999999,36.206633,0.107051
36.227838,0.651278,36.227838,0.107405
36.249043,0.65195,36.249043,0.107782
36.270248,0.652609,36.270248,0.108181
36.291452,0.653253,36.291452,0.108602
36.312657,0.65388,36.312657,0.109042
36.333862,0.654491,36.333862,0.109501
36.355067,0.655083,36.355067,0.109976
36.376272,0.655658,36.376272,0.110468
36.397476,0.656214,36.397476,0.110973
36.418681,0.656751,36.418681,0.111492
36.439886,0.657269,36.439886,0.112021
36.461091,0.657767,36.461091,0.112562
36.482296,0.658246,36.482296,0.113111
36.503501,0.658706,36.503501,0.113667
36.524705,0.659147,36.524705,0.11423
36.54591,0.659568,36.54591,0.114799
36.567115,0.659972,36.567115,0.115371
36.58832,0.660358,36.58832,0.115947
36.609525,0.660726,36.609525,0.116525
36.630729,0.661077,36.630729,0.117105
36.651934,0.661413,36.651934,0.117686
36.673139,0.661733,36.673139,0.118267
36.694344,0.662037,36.694344,0.118848
36.715549,0.662328,36.715549,0.119428
36.736754,0.662606,36.736754,0.120007
36.757958,0.662871,36.757958,0.120585
36.779163,0.663124,36.779163,0.121162
36.800368,0.663367,36.800368,0.121737
36.821573,0.663598,36.821573,0.122311
36.842778,0.66382,36.842778,0.122884
36.863983,0.664033,36.863983,0.123457
36.885187,0.664237,36.885187,0.124029
36.906392,0.664434,36.906392,0.124601
36.927597,0.664622,36.927597,0.125173
36.948802,0.664804,36.948802,0.125747
36.970007,0.664978,36.970007,0.126322
36.991211,0.665146,36.991211,0.1269
37.012416,0.665307,37.012416,0.127481
37.033621,0.665462,37.033621,0.128066
37.054826,0.66561,37.054826,0.128655
37.076031,0.665751,37.076031,0.12925
37.097236,0.6658849999999999,37.097236,0.129851
37.11844,0.666012,37.11844,0.130459
37.139645,0.66613,37.139645,0.131076
37.16085,0.666241,37.16085,0.1317
37.182055,0.666342,37.182055,0.132335
37.20326,0.6664330000000001,37.20326,0.132979
37.224465,0.6665140000000001,37.224465,0.133634
37.245669,0.666582,37.245669,0.1343
37.266874,0.666638,37.266874,0.134978
37.288079,0.6666800000000001,37.288079,0.135668
37.309284,0.666707,37.309284,0.136371
37.330489,0.666718,37.330489,0.137087
37.351693,0.66671,37.351693,0.137815
37.372898,0.6666840000000001,37.372898,0.138557
37.394103,0.666636,37.394103,0.139312
37.415308,0.666567,37.415308,0.140079
37.436513,0.666474,37.436513,0.140859
37.457718,0.666355,37.457718,0.141651
37.478922,0.6662090000000001,37.478922,0.142454
37.500127,0.666035,37.500127,0.143268
37.521332,0.665831,37.521332,0.144092
37.542537,0.665595,37.542537,0.144924
37.563742,0.665326,37.563742,0.145763
37.584947,0.665022,37.584947,0.146609
37.606151,0.664682,37.606151,0.147459
37.627356,0.664305,37.627356,0.148313
37.648561,0.663889,37.648561,0.149167
37.669766,0.6634330000000001,37.669766,0.15002
37.690971,0.662936,37.690971,0.150871
37.712175,0.662397,37.712175,0.151717
37.73338,0.661815,37.73338,0.152556
37.754585,0.6611900000000001,37.754585,0.153385
37.77579,0.660521,37.77579,0.154201
37.796995,0.659807,37.796995,0.155003
37.8182,0.659049,37.8182,0.155787
37.839404,0.658247,37.839404,0.156551
37.860609,0.6574,37.860609,0.157292
37.881814,0.656509,37.881814,0.158007
37.903019,0.655574,37.903019,0.158693
37.924224,0.654597,37.924224,0.159347
37.945429,0.653578,37.945429,0.159967
37.966633,0.652519,37.966633,0.16055
37.987838,0.651421,37.987838,0.161092
38.009043,0.650285,38.009043,0.161591
38.030248,0.649114,38.030248,0.162046
38.051453,0.647908,38.051453,0.162451
38.072657,0.646672,38.072657,0.162807
38.093862,0.645406,38.093862,0.163109
38.115067,0.644114,38.115067,0.163357
38.136272,0.642798,38.136272,0.163547
38.157477,0.641462,38.157477,0.163679
38.178682,0.640108,38.178682,0.16375
38.199886,0.6387389999999999,38.199886,0.16376
38.221091,0.637359,38.221091,0.163706
38.242296,0.635971,38.242296,0.163589
38.263501,0.634578,38.263501,0.163406
38.284706,0.633185,38.284706,0.163159
38.305911,0.631795,38.305911,0.162845
38.327115,0.63041,38.327115,0.162467
38.34832,0.629036,38.34832,0.162023
38.369525,0.627676,38.369525,0.161514
38.39073,0.626333,38.39073,0.160941
38.411935,0.62501,38.411935,0.160305
38.433139,0.623712,38.433139,0.159608
38.454344,0.622441,38.454344,0.15885
38.475549,0.621202,38.475549,0.158033
38.496754,0.619996,38.496754,0.15716
38.517959,0.618828,38.517959,0.156233
38.539164,0.617699,38.539164,0.155254
38.560368,0.616613,38.560368,0.154225
38.581573,0.615573,38.581573,0.15315
38.602778,0.61458,38.602778,0.152032
38.623983,0.613637,38.623983,0.150872
38.645188,0.612745,38.645188,0.149675
38.666393,0.611907,38.666393,0.148444
38.687597,0.611124,38.687597,0.147182
38.708802,0.610397,38.708802,0.145893
38.730007,0.609726,38.730007,0.144581
38.751212,0.609114,38.751212,0.143248
38.772417,0.60856,38.772417,0.141898
38.793621,0.608065,38.793621,0.140536
38.814826,0.607629,38.814826,0.139164
38.836031,0.607251,38.836031,0.137786
38.857236,0.606932,38.857236,0.136405
38.878441,0.60667,38.878441,0.135026
38.899646,0.606465,38.899646,0.133651
38.92085,0.606316,38.92085,0.132284
38.942055,0.606222,38.942055,0.130928
38.96326,0.606182,38.96326,0.129586
38.984465,0.606193,38.984465,0.128261
39.00567,0.606255,39.00567,0.126955
39.026875,0.606365,39.026875,0.125672
39.048079,0.606522,39.048079,0.124414
39.069284,0.606722,39.069284,0.123183
39.090489,0.606965,39.090489,0.121982
39.111694,0.607248,39.111694,0.120812
39.132899,0.607568,39.132899,0.119676
39.154103,0.607923,39.154103,0.118575
39.175308,0.60831,39.175308,0.11751
39.196513,0.608727,39.196513,0.116484
39.217718,0.609171,39.217718,0.115497
39.238923,0.60964,39.238923,0.114551
39.260128,0.610129,39.260128,0.113646
39.281332,0.610638,39.281332,0.112783
39.302537,0.611162,39.302537,0.111962
39.323742,0.6117,39.323742,0.111185
39.344947,0.612248,39.344947,0.11045
39.366152,0.612804,39.366152,0.109759
39.387357,0.613364,39.387357,0.10911
39.408561,0.613926,39.408561,0.108504
39.429766,0.614489,39.429766,0.107941
39.450971,0.615047,39.450971,0.107419
39.472176,0.6156,39.472176,0.106937
39.493381,0.6161450000000001,39.493381,0.106496
39.514585,0.616679,39.514585,0.106094
39.53579,0.6172,39.53579,0.105729
39.556995,0.6177049999999999,39.556995,0.105401
39.5782,0.618192,39.5782,0.105108
39.599405,0.61866,39.599405,0.104848
39.62061,0.619105,39.62061,0.104619
39.641814,0.619527,39.641814,0.10442
39.663019,0.619923,39.663019,0.10425
39.684224,0.620292,39.684224,0.104104
39.705429,0.620632,39.705429,0.103983
39.726634,0.620942,39.726634,0.103883
39.747838,0.62122,39.747838,0.103801
39.769043,0.621466,39.769043,0.103737
39.790248,0.621678,39.790248,0.103686
39.811453,0.621855,39.811453,0.103646
39.832658,0.621997,39.832658,0.103616
39.853863,0.622104,39.853863,0.103591
39.875067,0.622175,39.875067,0.10357
39.896272,0.622209,39.896272,0.10355
39.917477,0.622208,39.917477,0.103527
39.938682,0.6221719999999999,39.938682,0.1035
39.959887,0.6221,39.959887,0.103466
39.981092,0.621994,39.981092,0.103421
40.002296,0.621854,40.002296,0.103364
40.023501,0.621681,40.023501,0.103291
40.044706,0.6214769999999999,40.044706,0.103201
40.065911,0.621243,40.065911,0.103091
40.087116,0.62098,40.087116,0.102958
40.10832,0.62069,40.10832,0.102802
40.129525,0.620375,40.129525,0.102619
40.15073,0.6200369999999999,40.15073,0.102407
40.171935,0.619679,40.171935,0.102166
40.19314,0.619301,40.19314,0.101894
40.214345,0.618907,40.214345,0.101589
40.235549,0.618498,40.235549,0.101251
40.256754,0.618079,40.256754,0.100877
40.277959,0.617649,40.277959,0.100469
40.299164,0.617214,40.299164,0.100025
40.320369,0.616774,40.320369,0.09954399999999999
40.341574,0.616333,40.341574,0.099028
40.362778,0.6158940000000001,40.362778,0.09847499999999999
40.383983,0.615457,40.383983,0.097888
40.405188,0.615027,40.405188,0.097265
40.426393,0.614605,40.426393,0.096608
40.447598,0.614194,40.447598,0.095918
40.468802,0.613796,40.468802,0.095196
40.490007,0.613413,40.490007,0.094443
40.511212,0.613046,40.511212,0.09366099999999999
40.532417,0.612698,40.532417,0.092852
40.553622,0.6123690000000001,40.553622,0.092017
40.574827,0.612063,40.574827,0.091158
40.596031,0.611778,40.596031,0.090277
40.617236,0.611518,40.617236,0.089376
40.638441,0.611282,40.638441,0.08845699999999999
40.659646,0.61107,40.659646,0.087522
40.680851,0.610885,40.680851,0.086574
40.702056,0.610725,40.702056,0.085615
40.72326,0.610591,40.72326,0.084646
40.744465,0.610482,40.744465,0.08366999999999999
40.76567,0.610398,40.76567,0.082688
40.786875,0.61034,40.786875,0.081703
40.80808,0.610305,40.80808,0.080716
40.829284,0.610294,40.829284,0.07972899999999999
40.850489,0.610304,40.850489,0.07874299999999999
40.871694,0.610336,40.871694,0.07776
40.892899,0.610388,40.892899,0.076781
40.914104,0.610459,40.914104,0.075808
40.935309,0.610547,40.935309,0.07484
40.956513,0.6106510000000001,40.956513,0.073879
40.977718,0.610769,40.977718,0.072926
40.998923,0.610901,40.998923,0.07198
41.020128,0.611044,41.020128,0.07104100000000001
41.041333,0.611198,41.041333,0.07011100000000001
41.062538,0.61136,41.062538,0.069188
41.083742,0.61153,41.083742,0.068272
41.104947,0.611707,41.104947,0.06736300000000001
41.126152,0.611889,41.126152,0.06646000000000001
41.147357,0.612075,41.147357,0.065563
41.168562,0.612264,41.168562,0.06467100000000001
41.189766,0.612456,41.189766,0.063781
41.210971,0.61265,41.210971,0.06289500000000001
41.232176,0.612845,41.232176,0.06201
41.253381,0.61304,41.253381,0.061125
41.274586,0.613237,41.274586,0.060239
41.295791,0.613434,41.295791,0.059351
41.316995,0.613632,41.316995,0.05846
41.3382,0.613831,41.3382,0.057563
41.359405,0.614031,41.359405,0.056661
41.38061,0.614233,41.38061,0.055752
41.401815,0.614438,41.401815,0.054835
41.42302,0.614646,41.42302,0.053909
41.444224,0.614858,41.444224,0.052973
41.465429,0.615076,41.465429,0.052026
41.486634,0.6153,41.486634,0.051068
41.507839,0.6155310000000001,41.507839,0.050098
41.529044,0.615772,41.529044,0.049115
41.550248,0.616023,41.550248,0.048121
41.571453,0.616285,41.571453,0.047113
41.592658,0.61656,41.592658,0.046093
41.613863,0.61685,41.613863,0.04506
41.635068,0.617156,41.635068,0.044016
41.656273,0.617478,41.656273,0.042959
41.677477,0.617819,41.677477,0.041892
41.698682,0.61818,41.698682,0.040815
41.719887,0.6185619999999999,41.719887,0.039729
41.741092,0.618966,41.741092,0.038635
41.762297,0.6193920000000001,41.762297,0.037534
41.783502,0.619843,41.783502,0.036427
41.804706,0.620319,41.804706,0.035316
41.825911,0.62082,41.825911,0.034203
41.847116,0.621347,41.847116,0.033089
41.868321,0.6219,41.868321,0.031975
41.889526,0.62248,41.889526,0.030864
41.91073,0.6230869999999999,41.91073,0.029756
41.931935,0.6237200000000001,41.931935,0.028655
41.95314,0.624379,41.95314,0.02756
41.974345,0.625064,41.974345,0.026476
41.99555,0.6257740000000001,41.99555,0.025402
42.016755,0.626508,42.016755,0.024341
42.037959,0.627266,42.037959,0.023294
42.059164,0.628045,42.059164,0.022264
42.080369,0.628845,42.080369,0.021251
42.101574,0.629663,42.101574,0.020257
42.122779,0.630498,42.122779,0.019284
42.143984,0.631346,42.143984,0.018332
42.165188,0.632206,42.165188,0.017404
42.186393,0.633072,42.186393,0.016499
42.207598,0.633942,42.207598,0.01562
42.228803,0.634809,42.228803,0.014766
42.250008,0.635665,42.250008,0.01394
42.271212,0.636502,42.271212,0.01314
42.292417,0.637303,42.292417,0.012369
42.313622,0.638047,42.313622,0.011626
42.334827,0.638691,42.334827,0.010911
42.356032,0.639153,42.356032,0.010225
42.377237,0.639225,42.377237,0.009568
42.398441,0.6380479999999999,42.398441,0.00894
